platform,video_id,channel_id,channel_name,title,description,published_at,duration_seconds,view_count,like_count,comment_count,share_count,tags,ingested_at,data_source_type,full_content_text,extracted_hashtags,cleaned_text,tokens,token_count,clean_tokens,clean_token_count,clean_text_final
tiktok,tt_7689295974195318036,mamaselinaaa,@Alyssa🤍,"Erin emang nangis, tapi dalam keadaan pegang uang 1,7T 🤩😭✨ #andretaulany #promomakangajian #erintaulany #amandarigby #ni","Erin emang nangis, tapi dalam keadaan pegang uang 1,7T 🤩😭✨ #andretaulany #promomakangajian #erintaulany #amandarigby #nikah",2026-09-25 02:35:43+00:00,30,1282237,137855,646,3088,"['andretaulany', 'promomakangajian', 'erintaulany', 'amandarigby', 'nikah']",2026-09-26 13:11:06.183055+00:00,TIKTOK_LIVE_FYP_FEED,"Erin emang nangis, tapi dalam keadaan pegang uang 1,7T 🤩😭✨ #andretaulany #promomakangajian #erintaulany #amandarigby #ni Erin emang nangis, tapi dalam keadaan pegang uang 1,7T 🤩😭✨ #andretaulany #promomakangajian #erintaulany #amandarigby #nikah","andretaulany, promomakangajian, erintaulany, amandarigby, ni, andretaulany, promomakangajian, erintaulany, amandarigby, nikah",erin emang nangis tapi dalam keadaan pegang uang 1 7t andretaulany promomakangajian erintaulany amandarigby ni erin emang nangis tapi dalam keadaan pegang uang 1 7t andretaulany promomakangajian erintaulany amandarigby nikah,"erin, emang, nangis, tapi, dalam, keadaan, pegang, uang, andretaulany, promomakangajian, erintaulany, amandarigby, ni, erin, emang, nangis, tapi, dalam, keadaan, pegang, uang, andretaulany, promomakangajian, erintaulany, amandarigby, nikah",26,"erin, emang, nangis, pegang, uang, andretaulany, promomakangajian, erintaulany, amandarigby, ni, erin, emang, nangis, pegang, uang, andretaulany, promomakangajian, erintaulany, amandarigby, nikah",20,erin emang nangis pegang uang andretaulany promomakangajian erintaulany amandarigby ni erin emang nangis pegang uang andretaulany promomakangajian erintaulany amandarigby nikah
tiktok,tt_7689489559872081173,elloco.gonzalez,@Cristian Gonzalez,Dari pemain jadi supporter 🇮🇩❤️ Semoga bisa angkat Piala tahun ini #timnas,Dari pemain jadi supporter 🇮🇩❤️ Semoga bisa angkat Piala tahun ini #timnas,2026-09-25 15:06:48+00:00,14,738672,129641,1551,4030,['timnas'],2026-09-26 13:11:06.183055+00:00,TIKTOK_LIVE_FYP_FEED,Dari pemain jadi supporter 🇮🇩❤️ Semoga bisa angkat Piala tahun ini #timnas Dari pemain jadi supporter 🇮🇩❤️ Semoga bisa angkat Piala tahun ini #timnas,"timnas, timnas",dari pemain jadi supporter semoga bisa angkat piala tahun ini timnas dari pemain jadi supporter semoga bisa angkat piala tahun ini timnas,"dari, pemain, jadi, supporter, semoga, bisa, angkat, piala, tahun, ini, timnas, dari, pemain, jadi, supporter, semoga, bisa, angkat, piala, tahun, ini, timnas",22,"pemain, supporter, semoga, angkat, piala, timnas, pemain, supporter, semoga, angkat, piala, timnas",12,pemain supporter semoga angkat piala timnas pemain supporter semoga angkat piala timnas
tiktok,tt_7688995932133674246,lintangprayuda1,@𝗬𝘂𝗱á 𝗳𝗹𝘆 𝗵𝗶𝗴𝗵,"Busett gaji nya 18 miliar ada yang mau gak🗿, fyp gak ya🤔 Sebuah menara penjaga laut terpencil di Prancis disebut menawar","Busett gaji nya 18 miliar ada yang mau gak🗿, fyp gak ya🤔 Sebuah menara penjaga laut terpencil di Prancis disebut menawarkan gaji hingga US$1,2 juta atau sekitar Rp18 miliar per tahun. Angkanya terdengar luar biasa, tetapi pekerjaan ini memiliki harga yang tidak semua orang sanggup bayar. Berada jauh",2026-09-24 07:11:18+00:00,21,2045797,114005,4401,5264,"['mercusuar', 'prancis', 'laut', 'viral', 'fyp']",2026-09-26 13:11:06.183055+00:00,TIKTOK_LIVE_FYP_FEED,"Busett gaji nya 18 miliar ada yang mau gak🗿, fyp gak ya🤔 Sebuah menara penjaga laut terpencil di Prancis disebut menawar Busett gaji nya 18 miliar ada yang mau gak🗿, fyp gak ya🤔 Sebuah menara penjaga laut terpencil di Prancis disebut menawarkan gaji hingga US$1,2 juta atau sekitar Rp18 miliar per tahun. Angkanya terdengar luar biasa, tetapi pekerjaan ini memiliki harga yang tidak semua orang sanggup bayar. Berada jauh",,busett gaji nya 18 miliar ada yang mau gak fyp gak ya sebuah menara penjaga laut terpencil di prancis disebut menawar busett gaji nya 18 miliar ada yang mau gak fyp gak ya sebuah menara penjaga laut terpencil di prancis disebut menawarkan gaji hingga us 1 2 juta atau sekitar rp18 miliar per tahun angkanya terdengar luar biasa tetapi pekerjaan ini memiliki harga yang tidak semua orang sanggup bayar berada jauh,"busett, gaji, nya, miliar, ada, yang, mau, gak, fyp, gak, ya, sebuah, menara, penjaga, laut, terpencil, di, prancis, disebut, menawar, busett, gaji, nya, miliar, ada, yang, mau, gak, fyp, gak, ya, sebuah, menara, penjaga, laut, terpencil, di, prancis, disebut, menawarkan, gaji, hingga, us, juta, atau, sekitar, miliar, per, tahun, angkanya, terdengar, luar, biasa, tetapi, pekerjaan, ini, memiliki, harga, yang, tidak, semua, orang, sanggup, bayar, berada, jauh",66,"busett, gaji, nya, miliar, fyp, menara, penjaga, laut, terpencil, prancis, menawar, busett, gaji, nya, miliar, fyp, menara, penjaga, laut, terpencil, prancis, menawarkan, gaji, us, juta, miliar, angkanya, terdengar, pekerjaan, memiliki, harga, orang, sanggup, bayar",34,busett gaji nya miliar fyp menara penjaga laut terpencil prancis menawar busett gaji nya miliar fyp menara penjaga laut terpencil prancis menawarkan gaji us juta miliar angkanya terdengar pekerjaan memiliki harga orang sanggup bayar
tiktok,tt_7689370992120040725,universalmusicindonesia,@Universal Music Indonesia,"If you wanna kick it, then we’re with it. 'The Life of a Showgirl: The Encore' featuring ""Patient Zero"" is out now. ✨ #T","If you wanna kick it, then we’re with it. 'The Life of a Showgirl: The Encore' featuring ""Patient Zero"" is out now. ✨ #TSTLOASTheEncore",2026-09-25 07:26:46+00:00,30,3968528,2620,7,47,['TSTLOASTheEncore'],2026-09-26 13:57:27.518958+00:00,TIKTOK_LIVE_FYP_FEED,"If you wanna kick it, then we’re with it. 'The Life of a Showgirl: The Encore' featuring ""Patient Zero"" is out now. ✨ #T If you wanna kick it, then we’re with it. 'The Life of a Showgirl: The Encore' featuring ""Patient Zero"" is out now. ✨ #TSTLOASTheEncore","t, tstloastheencore",if you wanna kick it then we re with it the life of a showgirl the encore featuring patient zero is out now t if you wanna kick it then we re with it the life of a showgirl the encore featuring patient zero is out now tstloastheencore,"if, you, wanna, kick, it, then, we, re, with, it, the, life, of, showgirl, the, encore, featuring, patient, zero, is, out, now, if, you, wanna, kick, it, then, we, re, with, it, the, life, of, showgirl, the, encore, featuring, patient, zero, is, out, now, tstloastheencore",45,"wanna, kick, re, life, showgirl, encore, featuring, patient, zero, now, wanna, kick, re, life, showgirl, encore, featuring, patient, zero, now, tstloastheencore",21,wanna kick re life showgirl encore featuring patient zero now wanna kick re life showgirl encore featuring patient zero now tstloastheencore
tiktok,tt_7685678141745958164,nabilataqiyyah_,@nabilataqiyyah,striminkkk “Tak Semudah Hompimpa”!,striminkkk “Tak Semudah Hompimpa”!,2026-09-15 08:36:42+00:00,30,3944518,37754,460,1110,"['tiktok', 'fyp', 'viral', 'id']",2026-09-26 13:57:27.518958+00:00,TIKTOK_LIVE_FYP_FEED,striminkkk “Tak Semudah Hompimpa”! striminkkk “Tak Semudah Hompimpa”!,,striminkkk tak semudah hompimpa striminkkk tak semudah hompimpa,"striminkkk, tak, semudah, hompimpa, striminkkk, tak, semudah, hompimpa",8,"striminkkk, semudah, hompimpa, striminkkk, semudah, hompimpa",6,striminkkk semudah hompimpa striminkkk semudah hompimpa
tiktok,tt_7688348972116675848,tattoojackdannok,@Jack tattoothai,เดินเส้นรอบแรกคับ✍️ (งานแก้ปิดทับรอยเดิมบางส่วน) #ร้านสักด่านนอกชายแดนไทยมาเล🇹🇭🇲🇾  #tattoodannok #ร้านสักสะเดา #ร้านสักห,เดินเส้นรอบแรกคับ✍️ (งานแก้ปิดทับรอยเดิมบางส่วน) #ร้านสักด่านนอกชายแดนไทยมาเล🇹🇭🇲🇾  #tattoodannok #ร้านสักสะเดา #ร้านสักหาดไหญ่ #tattoohatyai,2026-09-22 13:20:46+00:00,26,11750420,435168,8552,227956,"['ร', 'tattoodannok', 'ร', 'ร', 'tattoohatyai']",2026-09-26 13:57:27.518958+00:00,TIKTOK_LIVE_FYP_FEED,เดินเส้นรอบแรกคับ✍️ (งานแก้ปิดทับรอยเดิมบางส่วน) #ร้านสักด่านนอกชายแดนไทยมาเล🇹🇭🇲🇾  #tattoodannok #ร้านสักสะเดา #ร้านสักห เดินเส้นรอบแรกคับ✍️ (งานแก้ปิดทับรอยเดิมบางส่วน) #ร้านสักด่านนอกชายแดนไทยมาเล🇹🇭🇲🇾  #tattoodannok #ร้านสักสะเดา #ร้านสักหาดไหญ่ #tattoohatyai,"ร, tattoodannok, ร, ร, ร, tattoodannok, ร, ร, tattoohatyai",เด นเส นรอบแรกค บ งานแก ป ดท บรอยเด มบางส วน ร านส กด านนอกชายแดนไทยมาเล tattoodannok ร านส กสะเดา ร านส กห เด นเส นรอบแรกค บ งานแก ป ดท บรอยเด มบางส วน ร านส กด านนอกชายแดนไทยมาเล tattoodannok ร านส กสะเดา ร านส กหาดไหญ tattoohatyai,"tattoodannok, tattoodannok, tattoohatyai",3,"tattoodannok, tattoodannok, tattoohatyai",3,tattoodannok tattoodannok tattoohatyai
tiktok,tt_7689393162929835316,infodepok,@Info Depok,"Warga menemukan seorang bayi di sebuah bangunan kosong pinggir jalan di dekat Bakso Gede Rasa, Jalan Raya Bojonggede-Kem","Warga menemukan seorang bayi di sebuah bangunan kosong pinggir jalan di dekat Bakso Gede Rasa, Jalan Raya Bojonggede-Kemang (Bomang), Kalisuren, Kecamatan Tajur Halang, pada Jumat pagi (25/9/2026). Berdasarkan informasi awal, bayi tersebut ditemukan di sekitar pinggir jalan sebelum kemudian diamanka",2026-09-25 08:52:50+00:00,51,1623492,159395,1565,14235,"['tiktok', 'fyp', 'viral', 'id']",2026-09-26 13:57:27.518958+00:00,TIKTOK_LIVE_FYP_FEED,"Warga menemukan seorang bayi di sebuah bangunan kosong pinggir jalan di dekat Bakso Gede Rasa, Jalan Raya Bojonggede-Kem Warga menemukan seorang bayi di sebuah bangunan kosong pinggir jalan di dekat Bakso Gede Rasa, Jalan Raya Bojonggede-Kemang (Bomang), Kalisuren, Kecamatan Tajur Halang, pada Jumat pagi (25/9/2026). Berdasarkan informasi awal, bayi tersebut ditemukan di sekitar pinggir jalan sebelum kemudian diamanka",,warga menemukan seorang bayi di sebuah bangunan kosong pinggir jalan di dekat bakso gede rasa jalan raya bojonggede kem warga menemukan seorang bayi di sebuah bangunan kosong pinggir jalan di dekat bakso gede rasa jalan raya bojonggede kemang bomang kalisuren kecamatan tajur halang pada jumat pagi 25 9 2026 berdasarkan informasi awal bayi tersebut ditemukan di sekitar pinggir jalan sebelum kemudian diamanka,"warga, menemukan, seorang, bayi, di, sebuah, bangunan, kosong, pinggir, jalan, di, dekat, bakso, gede, rasa, jalan, raya, bojonggede, kem, warga, menemukan, seorang, bayi, di, sebuah, bangunan, kosong, pinggir, jalan, di, dekat, bakso, gede, rasa, jalan, raya, bojonggede, kemang, bomang, kalisuren, kecamatan, tajur, halang, pada, jumat, pagi, berdasarkan, informasi, awal, bayi, tersebut, ditemukan, di, sekitar, pinggir, jalan, sebelum, kemudian, diamanka",59,"warga, menemukan, bayi, bangunan, kosong, pinggir, jalan, bakso, gede, jalan, raya, bojonggede, kem, warga, menemukan, bayi, bangunan, kosong, pinggir, jalan, bakso, gede, jalan, raya, bojonggede, kemang, bomang, kalisuren, kecamatan, tajur, halang, jumat, pagi, berdasarkan, informasi, bayi, ditemukan, pinggir, jalan, diamanka",40,warga menemukan bayi bangunan kosong pinggir jalan bakso gede jalan raya bojonggede kem warga menemukan bayi bangunan kosong pinggir jalan bakso gede jalan raya bojonggede kemang bomang kalisuren kecamatan tajur halang jumat pagi berdasarkan informasi bayi ditemukan pinggir jalan diamanka
tiktok,tt_7689424576069029141,inkathhh,@Inka Andestha,🖤,🖤,2026-09-25 10:54:36+00:00,14,1633442,185869,267,1718,"['tiktok', 'fyp', 'viral', 'id']",2026-09-26 13:57:27.518958+00:00,TIKTOK_LIVE_FYP_FEED,🖤 🖤,,,,0,,0,
tiktok,tt_7687620713452260628,someplace505,@￴ ￴,Trending TikTok Short,Trending TikTok Short,2026-09-20 14:14:50+00:00,9,2292330,637033,3604,91953,"['tiktok', 'fyp', 'viral', 'id']",2026-09-26 13:57:06.147785+00:00,TIKTOK_LIVE_FYP_FEED,Trending TikTok Short Trending TikTok Short,,trending tiktok short trending tiktok short,"trending, tiktok, short, trending, tiktok, short",6,"trending, tiktok, short, trending, tiktok, short",6,trending tiktok short trending tiktok short
tiktok,tt_7682057018449972487,yulian_seo.co,@Ⓜ️e⭕️ng✔️🧢™️,"Menikmati hujan di Shinjuku West Exit di malam hari, Kalian dapat melihat Shinjuku Grand Guard, Yamanote Line, dan Kabuk","Menikmati hujan di Shinjuku West Exit di malam hari, Kalian dapat melihat Shinjuku Grand Guard, Yamanote Line, dan Kabukicho. #shinjuku #tokyo #japantrip #foryou",2026-09-05 14:24:46+00:00,22,27105,1640,7,79,"['shinjuku', 'tokyo', 'japantrip', 'foryou']",2026-09-26 13:57:06.147785+00:00,TIKTOK_LIVE_FYP_FEED,"Menikmati hujan di Shinjuku West Exit di malam hari, Kalian dapat melihat Shinjuku Grand Guard, Yamanote Line, dan Kabuk Menikmati hujan di Shinjuku West Exit di malam hari, Kalian dapat melihat Shinjuku Grand Guard, Yamanote Line, dan Kabukicho. #shinjuku #tokyo #japantrip #foryou","shinjuku, tokyo, japantrip, foryou",menikmati hujan di shinjuku west exit di malam hari kalian dapat melihat shinjuku grand guard yamanote line dan kabuk menikmati hujan di shinjuku west exit di malam hari kalian dapat melihat shinjuku grand guard yamanote line dan kabukicho shinjuku tokyo japantrip foryou,"menikmati, hujan, di, shinjuku, west, exit, di, malam, hari, kalian, dapat, melihat, shinjuku, grand, guard, yamanote, line, dan, kabuk, menikmati, hujan, di, shinjuku, west, exit, di, malam, hari, kalian, dapat, melihat, shinjuku, grand, guard, yamanote, line, dan, kabukicho, shinjuku, tokyo, japantrip, foryou",42,"menikmati, hujan, shinjuku, west, exit, malam, shinjuku, grand, guard, yamanote, line, kabuk, menikmati, hujan, shinjuku, west, exit, malam, shinjuku, grand, guard, yamanote, line, kabukicho, shinjuku, tokyo, japantrip, foryou",28,menikmati hujan shinjuku west exit malam shinjuku grand guard yamanote line kabuk menikmati hujan shinjuku west exit malam shinjuku grand guard yamanote line kabukicho shinjuku tokyo japantrip foryou
tiktok,tt_7689034071099362581,mimumaa_,@icaa💐,"seruu bgt, next kemana lagi yaa🤩 #fyp #foryoupage #viral","seruu bgt, next kemana lagi yaa🤩 #fyp #foryoupage #viral",2026-09-24 09:39:15+00:00,51,3994411,30733,128,788,"['fyp', 'foryoupage', 'viral']",2026-09-28 15:21:17.866167+00:00,TIKTOK_SNAPSHOT_TRACKING,"seruu bgt, next kemana lagi yaa🤩 #fyp #foryoupage #viral seruu bgt, next kemana lagi yaa🤩 #fyp #foryoupage #viral","fyp, foryoupage, viral, fyp, foryoupage, viral",seruu bgt next kemana lagi yaa fyp foryoupage viral seruu bgt next kemana lagi yaa fyp foryoupage viral,"seruu, bgt, next, kemana, lagi, yaa, fyp, foryoupage, viral, seruu, bgt, next, kemana, lagi, yaa, fyp, foryoupage, viral",18,"seruu, bgt, next, kemana, yaa, fyp, foryoupage, viral, seruu, bgt, next, kemana, yaa, fyp, foryoupage, viral",16,seruu bgt next kemana yaa fyp foryoupage viral seruu bgt next kemana yaa fyp foryoupage viral
tiktok,tt_7629731204215999765,crazzy.people1,@kiki🤡,#ad p p apaa #uratmaluputus #liftprank #emoneymurah,#ad p p apaa #uratmaluputus #liftprank #emoneymurah,2026-04-17 14:13:53+00:00,54,6270641,77821,438,7115,"['ad', 'uratmaluputus', 'liftprank', 'emoneymurah']",2026-09-28 15:21:17.866167+00:00,TIKTOK_SNAPSHOT_TRACKING,#ad p p apaa #uratmaluputus #liftprank #emoneymurah #ad p p apaa #uratmaluputus #liftprank #emoneymurah,"ad, uratmaluputus, liftprank, emoneymurah, ad, uratmaluputus, liftprank, emoneymurah",ad p p apaa uratmaluputus liftprank emoneymurah ad p p apaa uratmaluputus liftprank emoneymurah,"ad, apaa, uratmaluputus, liftprank, emoneymurah, ad, apaa, uratmaluputus, liftprank, emoneymurah",10,"ad, apaa, uratmaluputus, liftprank, emoneymurah, ad, apaa, uratmaluputus, liftprank, emoneymurah",10,ad apaa uratmaluputus liftprank emoneymurah ad apaa uratmaluputus liftprank emoneymurah
tiktok,tt_7689673801029733639,inibukanniko,@inibukanniko,"Terjadi erupsi ""G. Semeru"" - Jawa Timur, pada hari Sabtu, 26 September 2026, pukul 05:17 WIB dengan tinggi kolom abu let","Terjadi erupsi ""G. Semeru"" - Jawa Timur, pada hari Sabtu, 26 September 2026, pukul 05:17 WIB dengan tinggi kolom abu letusan teramati ± 900 #gunungsemeru #semeru #jawatimur #erupsi #infojatim",2026-09-26 03:01:49+00:00,31,979050,78792,685,8967,"['gunungsemeru', 'semeru', 'jawatimur', 'erupsi', 'infojatim']",2026-09-28 15:21:17.866167+00:00,TIKTOK_SNAPSHOT_TRACKING,"Terjadi erupsi ""G. Semeru"" - Jawa Timur, pada hari Sabtu, 26 September 2026, pukul 05:17 WIB dengan tinggi kolom abu let Terjadi erupsi ""G. Semeru"" - Jawa Timur, pada hari Sabtu, 26 September 2026, pukul 05:17 WIB dengan tinggi kolom abu letusan teramati ± 900 #gunungsemeru #semeru #jawatimur #erupsi #infojatim","gunungsemeru, semeru, jawatimur, erupsi, infojatim",terjadi erupsi g semeru jawa timur pada hari sabtu 26 september 2026 pukul 05 17 wib dengan tinggi kolom abu let terjadi erupsi g semeru jawa timur pada hari sabtu 26 september 2026 pukul 05 17 wib dengan tinggi kolom abu letusan teramati 900 gunungsemeru semeru jawatimur erupsi infojatim,"terjadi, erupsi, semeru, jawa, timur, pada, hari, sabtu, september, pukul, wib, dengan, tinggi, kolom, abu, let, terjadi, erupsi, semeru, jawa, timur, pada, hari, sabtu, september, pukul, wib, dengan, tinggi, kolom, abu, letusan, teramati, gunungsemeru, semeru, jawatimur, erupsi, infojatim",38,"erupsi, semeru, jawa, timur, sabtu, september, pukul, wib, tinggi, kolom, abu, let, erupsi, semeru, jawa, timur, sabtu, september, pukul, wib, tinggi, kolom, abu, letusan, teramati, gunungsemeru, semeru, jawatimur, erupsi, infojatim",30,erupsi semeru jawa timur sabtu september pukul wib tinggi kolom abu let erupsi semeru jawa timur sabtu september pukul wib tinggi kolom abu letusan teramati gunungsemeru semeru jawatimur erupsi infojatim
tiktok,tt_7675252377800215815,dove.indonesia,@dove.indonesia,Who doesn’t love pink? Because I’m obsessed! 🎀,Who doesn’t love pink? Because I’m obsessed! 🎀,2026-08-18 06:19:23+00:00,38,4596770,10819,27,198,"['tiktok', 'fyp', 'viral', 'id']",2026-09-28 15:21:17.866167+00:00,TIKTOK_SNAPSHOT_TRACKING,Who doesn’t love pink? Because I’m obsessed! 🎀 Who doesn’t love pink? Because I’m obsessed! 🎀,,who doesn t love pink because i m obsessed who doesn t love pink because i m obsessed,"who, doesn, love, pink, because, obsessed, who, doesn, love, pink, because, obsessed",12,"doesn, love, pink, obsessed, doesn, love, pink, obsessed",8,doesn love pink obsessed doesn love pink obsessed
tiktok,tt_7601149641907801365,shedalighttt,@shedalighttt,jangan sampe osis lihat ini woy🤫,jangan sampe osis lihat ini woy🤫,2026-01-30 13:42:48+00:00,22,24705009,385201,2807,28083,"['tiktok', 'fyp', 'viral', 'id']",2026-09-28 15:21:17.866167+00:00,TIKTOK_SNAPSHOT_TRACKING,jangan sampe osis lihat ini woy🤫 jangan sampe osis lihat ini woy🤫,,jangan sampe osis lihat ini woy jangan sampe osis lihat ini woy,"jangan, sampe, osis, lihat, ini, woy, jangan, sampe, osis, lihat, ini, woy",12,"sampe, osis, woy, sampe, osis, woy",6,sampe osis woy sampe osis woy
tiktok,tt_7644990870105640200,fanisa_fann,@Fanisa,Gemess avocado outfits 🥑,Gemess avocado outfits 🥑,2026-05-28 17:09:08+00:00,30,95442815,284134,445,17700,"['tiktok', 'fyp', 'viral', 'id']",2026-09-28 15:21:17.866167+00:00,TIKTOK_SNAPSHOT_TRACKING,Gemess avocado outfits 🥑 Gemess avocado outfits 🥑,,gemess avocado outfits gemess avocado outfits,"gemess, avocado, outfits, gemess, avocado, outfits",6,"gemess, avocado, outfits, gemess, avocado, outfits",6,gemess avocado outfits gemess avocado outfits
tiktok,tt_7688057869345803538,iniacengg26,@bukanoranggalau_,#xyzbca #api #galaubrutal #lewatberanda,#xyzbca #api #galaubrutal #lewatberanda,2026-09-21 18:31:10+00:00,7,1256859,159197,294,1304054,"['xyzbca', 'api', 'galaubrutal', 'lewatberanda']",2026-09-28 15:21:17.866167+00:00,TIKTOK_SNAPSHOT_TRACKING,#xyzbca #api #galaubrutal #lewatberanda #xyzbca #api #galaubrutal #lewatberanda,"xyzbca, api, galaubrutal, lewatberanda, xyzbca, api, galaubrutal, lewatberanda",xyzbca api galaubrutal lewatberanda xyzbca api galaubrutal lewatberanda,"xyzbca, api, galaubrutal, lewatberanda, xyzbca, api, galaubrutal, lewatberanda",8,"xyzbca, api, galaubrutal, lewatberanda, xyzbca, api, galaubrutal, lewatberanda",8,xyzbca api galaubrutal lewatberanda xyzbca api galaubrutal lewatberanda
tiktok,tt_7688703943425232148,nalapedia.story,@Nalapedia,SEDIH BERPISAH 😭,SEDIH BERPISAH 😭,2026-09-23 12:18:14+00:00,18,4662600,1003469,2959,41748,"['tiktok', 'fyp', 'viral', 'id']",2026-09-28 15:21:17.866167+00:00,TIKTOK_SNAPSHOT_TRACKING,SEDIH BERPISAH 😭 SEDIH BERPISAH 😭,,sedih berpisah sedih berpisah,"sedih, berpisah, sedih, berpisah",4,"sedih, berpisah, sedih, berpisah",4,sedih berpisah sedih berpisah
tiktok,tt_7689010819677310229,elevennttwo2,@elevennttwo2️⃣,yang terakhir😭#eleventwo #tiktokan,yang terakhir😭#eleventwo #tiktokan,2026-09-24 08:09:04+00:00,31,7770711,491562,2083,29955,"['eleventwo', 'tiktokan']",2026-09-28 15:21:17.866167+00:00,TIKTOK_SNAPSHOT_TRACKING,yang terakhir😭#eleventwo #tiktokan yang terakhir😭#eleventwo #tiktokan,"eleventwo, tiktokan, eleventwo, tiktokan",yang terakhir eleventwo tiktokan yang terakhir eleventwo tiktokan,"yang, terakhir, eleventwo, tiktokan, yang, terakhir, eleventwo, tiktokan",8,"eleventwo, tiktokan, eleventwo, tiktokan",4,eleventwo tiktokan eleventwo tiktokan
tiktok,tt_7684587407311752455,marbles.sphere,@MARBLES,@ADÉLA knows all the baddies are in Indo 💅 #MARBLES #DANIELLA #BEVERLY #QUILLA #KYKA,@ADÉLA knows all the baddies are in Indo 💅 #MARBLES #DANIELLA #BEVERLY #QUILLA #KYKA,2026-09-12 10:04:05+00:00,14,9080161,17740,87,828,"['MARBLES', 'DANIELLA', 'BEVERLY', 'QUILLA', 'KYKA']",2026-09-28 15:21:17.866167+00:00,TIKTOK_SNAPSHOT_TRACKING,@ADÉLA knows all the baddies are in Indo 💅 #MARBLES #DANIELLA #BEVERLY #QUILLA #KYKA @ADÉLA knows all the baddies are in Indo 💅 #MARBLES #DANIELLA #BEVERLY #QUILLA #KYKA,"marbles, daniella, beverly, quilla, kyka, marbles, daniella, beverly, quilla, kyka",knows all the baddies are in indo marbles daniella beverly quilla kyka knows all the baddies are in indo marbles daniella beverly quilla kyka,"knows, all, the, baddies, are, in, indo, marbles, daniella, beverly, quilla, kyka, knows, all, the, baddies, are, in, indo, marbles, daniella, beverly, quilla, kyka",24,"knows, baddies, indo, marbles, daniella, beverly, quilla, kyka, knows, baddies, indo, marbles, daniella, beverly, quilla, kyka",16,knows baddies indo marbles daniella beverly quilla kyka knows baddies indo marbles daniella beverly quilla kyka
tiktok,tt_7662716614546066695,dewi.alzena6,@Dewi Alzena,#viralシ゚ #trending #tiktokviral #videoviral #videolucu,#viralシ゚ #trending #tiktokviral #videoviral #videolucu,2026-07-15 11:34:06+00:00,5,427625,17190,14,62,"['viralシ', 'trending', 'tiktokviral', 'videoviral', 'videolucu']",2026-09-28 15:21:17.866167+00:00,TIKTOK_SNAPSHOT_TRACKING,#viralシ゚ #trending #tiktokviral #videoviral #videolucu #viralシ゚ #trending #tiktokviral #videoviral #videolucu,"viralシ, trending, tiktokviral, videoviral, videolucu, viralシ, trending, tiktokviral, videoviral, videolucu",viralシ trending tiktokviral videoviral videolucu viralシ trending tiktokviral videoviral videolucu,"trending, tiktokviral, videoviral, videolucu, trending, tiktokviral, videoviral, videolucu",8,"trending, tiktokviral, videoviral, videolucu, trending, tiktokviral, videoviral, videolucu",8,trending tiktokviral videoviral videolucu trending tiktokviral videoviral videolucu
tiktok,tt_7689321222554832129,vifi_setyo,@Vifi_Setyo,#mixandmatch,#mixandmatch,2026-09-25 04:13:38+00:00,27,2000809,183886,2653,5830,['mixandmatch'],2026-09-28 15:21:17.866167+00:00,TIKTOK_SNAPSHOT_TRACKING,#mixandmatch #mixandmatch,"mixandmatch, mixandmatch",mixandmatch mixandmatch,"mixandmatch, mixandmatch",2,"mixandmatch, mixandmatch",2,mixandmatch mixandmatch
tiktok,tt_viral_sample_1,kuliner_hits,@kuliner_hits,Ide konten dan racun produk viral trending #1,Rekomendasi tren produk terlaris di TikTok minggu ini,,25,350000,28000,950,420,"['fyp', 'viral', 'racuntiktok']",2026-09-28 14:42:30.563252+00:00,TIKTOK_SYNTHETIC_FALLBACK,Ide konten dan racun produk viral trending #1 Rekomendasi tren produk terlaris di TikTok minggu ini,1,ide konten dan racun produk viral trending 1 rekomendasi tren produk terlaris di tiktok minggu ini,"ide, konten, dan, racun, produk, viral, trending, rekomendasi, tren, produk, terlaris, di, tiktok, minggu, ini",15,"ide, konten, racun, produk, viral, trending, rekomendasi, tren, produk, terlaris, tiktok, minggu",12,ide konten racun produk viral trending rekomendasi tren produk terlaris tiktok minggu
tiktok,tt_viral_sample_2,ide_bisnis_muda,@ide_bisnis_muda,Ide konten dan racun produk viral trending #2,Rekomendasi tren produk terlaris di TikTok minggu ini,,30,700000,56000,1900,840,"['fyp', 'viral', 'racuntiktok']",2026-09-28 14:42:30.563252+00:00,TIKTOK_SYNTHETIC_FALLBACK,Ide konten dan racun produk viral trending #2 Rekomendasi tren produk terlaris di TikTok minggu ini,2,ide konten dan racun produk viral trending 2 rekomendasi tren produk terlaris di tiktok minggu ini,"ide, konten, dan, racun, produk, viral, trending, rekomendasi, tren, produk, terlaris, di, tiktok, minggu, ini",15,"ide, konten, racun, produk, viral, trending, rekomendasi, tren, produk, terlaris, tiktok, minggu",12,ide konten racun produk viral trending rekomendasi tren produk terlaris tiktok minggu
tiktok,tt_viral_sample_3,racun_outfit_indo,@racun_outfit_indo,Ide konten dan racun produk viral trending #3,Rekomendasi tren produk terlaris di TikTok minggu ini,,35,1050000,84000,2850,1260,"['fyp', 'viral', 'racuntiktok']",2026-09-28 14:42:30.563252+00:00,TIKTOK_SYNTHETIC_FALLBACK,Ide konten dan racun produk viral trending #3 Rekomendasi tren produk terlaris di TikTok minggu ini,3,ide konten dan racun produk viral trending 3 rekomendasi tren produk terlaris di tiktok minggu ini,"ide, konten, dan, racun, produk, viral, trending, rekomendasi, tren, produk, terlaris, di, tiktok, minggu, ini",15,"ide, konten, racun, produk, viral, trending, rekomendasi, tren, produk, terlaris, tiktok, minggu",12,ide konten racun produk viral trending rekomendasi tren produk terlaris tiktok minggu
tiktok,tt_viral_sample_4,daily_hacks_id,@daily_hacks_id,Ide konten dan racun produk viral trending #4,Rekomendasi tren produk terlaris di TikTok minggu ini,,40,1400000,112000,3800,1680,"['fyp', 'viral', 'racuntiktok']",2026-09-28 14:42:30.563252+00:00,TIKTOK_SYNTHETIC_FALLBACK,Ide konten dan racun produk viral trending #4 Rekomendasi tren produk terlaris di TikTok minggu ini,4,ide konten dan racun produk viral trending 4 rekomendasi tren produk terlaris di tiktok minggu ini,"ide, konten, dan, racun, produk, viral, trending, rekomendasi, tren, produk, terlaris, di, tiktok, minggu, ini",15,"ide, konten, racun, produk, viral, trending, rekomendasi, tren, produk, terlaris, tiktok, minggu",12,ide konten racun produk viral trending rekomendasi tren produk terlaris tiktok minggu
tiktok,tt_7689496878735445256,nungkye0,@SOFYA,Trending TikTok Short,Trending TikTok Short,2026-09-25 15:35:13+00:00,55,2272556,34771,2705,4435,"['tiktok', 'fyp', 'viral', 'id']",2026-09-28 15:20:59.011128+00:00,TIKTOK_SNAPSHOT_TRACKING,Trending TikTok Short Trending TikTok Short,,trending tiktok short trending tiktok short,"trending, tiktok, short, trending, tiktok, short",6,"trending, tiktok, short, trending, tiktok, short",6,trending tiktok short trending tiktok short
tiktok,tt_7689182816835390728,ayam.bangkok.sera,@Ayam bangkok Serang,wanita mana yang membuat begini  kalau ada apa apa kenapa gak cerita #bangkokthailand #unggas #ternakayam,wanita mana yang membuat begini  kalau ada apa apa kenapa gak cerita #bangkokthailand #unggas #ternakayam,2026-09-24 19:16:32+00:00,27,1900804,65978,4981,39188,"['bangkokthailand', 'unggas', 'ternakayam']",2026-09-28 15:20:59.011128+00:00,TIKTOK_SNAPSHOT_TRACKING,wanita mana yang membuat begini  kalau ada apa apa kenapa gak cerita #bangkokthailand #unggas #ternakayam wanita mana yang membuat begini  kalau ada apa apa kenapa gak cerita #bangkokthailand #unggas #ternakayam,"bangkokthailand, unggas, ternakayam, bangkokthailand, unggas, ternakayam",wanita mana yang membuat begini kalau ada apa apa kenapa gak cerita bangkokthailand unggas ternakayam wanita mana yang membuat begini kalau ada apa apa kenapa gak cerita bangkokthailand unggas ternakayam,"wanita, mana, yang, membuat, begini, kalau, ada, apa, apa, kenapa, gak, cerita, bangkokthailand, unggas, ternakayam, wanita, mana, yang, membuat, begini, kalau, ada, apa, apa, kenapa, gak, cerita, bangkokthailand, unggas, ternakayam",30,"wanita, cerita, bangkokthailand, unggas, ternakayam, wanita, cerita, bangkokthailand, unggas, ternakayam",10,wanita cerita bangkokthailand unggas ternakayam wanita cerita bangkokthailand unggas ternakayam
tiktok,tt_7687935611629604116,rayhan.putratama,@Rayhan🆒✌️,Trending TikTok Short,Trending TikTok Short,2026-09-21 10:36:46+00:00,30,5571171,111633,1386,6117,"['tiktok', 'fyp', 'viral', 'id']",2026-09-28 15:20:59.011128+00:00,TIKTOK_SNAPSHOT_TRACKING,Trending TikTok Short Trending TikTok Short,,trending tiktok short trending tiktok short,"trending, tiktok, short, trending, tiktok, short",6,"trending, tiktok, short, trending, tiktok, short",6,trending tiktok short trending tiktok short
tiktok,tt_7689818477195971862,omotola9488,@TheWild,Too funny gorilla compilation videos 😂🤣😂🤣 #gorilla #gorillababy #silverbackgorilla #compilation #funnyvideo,Too funny gorilla compilation videos 😂🤣😂🤣 #gorilla #gorillababy #silverbackgorilla #compilation #funnyvideo,2026-09-26 12:23:14+00:00,20,5949,176,4,9,"['gorilla', 'gorillababy', 'silverbackgorilla', 'compilation', 'funnyvideo']",2026-09-28 15:20:59.011128+00:00,TIKTOK_SNAPSHOT_TRACKING,Too funny gorilla compilation videos 😂🤣😂🤣 #gorilla #gorillababy #silverbackgorilla #compilation #funnyvideo Too funny gorilla compilation videos 😂🤣😂🤣 #gorilla #gorillababy #silverbackgorilla #compilation #funnyvideo,"gorilla, gorillababy, silverbackgorilla, compilation, funnyvideo, gorilla, gorillababy, silverbackgorilla, compilation, funnyvideo",too funny gorilla compilation videos gorilla gorillababy silverbackgorilla compilation funnyvideo too funny gorilla compilation videos gorilla gorillababy silverbackgorilla compilation funnyvideo,"too, funny, gorilla, compilation, videos, gorilla, gorillababy, silverbackgorilla, compilation, funnyvideo, too, funny, gorilla, compilation, videos, gorilla, gorillababy, silverbackgorilla, compilation, funnyvideo",20,"funny, gorilla, compilation, videos, gorilla, gorillababy, silverbackgorilla, compilation, funnyvideo, funny, gorilla, compilation, videos, gorilla, gorillababy, silverbackgorilla, compilation, funnyvideo",18,funny gorilla compilation videos gorilla gorillababy silverbackgorilla compilation funnyvideo funny gorilla compilation videos gorilla gorillababy silverbackgorilla compilation funnyvideo
tiktok,tt_7687228045840715016,julian_taraa,@Julian.taraa,Trending TikTok Short,Trending TikTok Short,2026-09-19 12:51:03+00:00,36,3437216,105686,175,3924,"['tiktok', 'fyp', 'viral', 'id']",2026-09-28 15:20:59.011128+00:00,TIKTOK_SNAPSHOT_TRACKING,Trending TikTok Short Trending TikTok Short,,trending tiktok short trending tiktok short,"trending, tiktok, short, trending, tiktok, short",6,"trending, tiktok, short, trending, tiktok, short",6,trending tiktok short trending tiktok short
tiktok,tt_7673889008321056020,danijf15,@D15,#japanvibes #shinjuku,#japanvibes #shinjuku,2026-08-14 14:08:43+00:00,21,37378,6245,49,238,"['japanvibes', 'shinjuku']",2026-09-28 15:20:59.011128+00:00,TIKTOK_SNAPSHOT_TRACKING,#japanvibes #shinjuku #japanvibes #shinjuku,"japanvibes, shinjuku, japanvibes, shinjuku",japanvibes shinjuku japanvibes shinjuku,"japanvibes, shinjuku, japanvibes, shinjuku",4,"japanvibes, shinjuku, japanvibes, shinjuku",4,japanvibes shinjuku japanvibes shinjuku
tiktok,tt_7681210485814873351,insidegrab,@insidegrab,"Just how safe is it to do Grab? 🛞 Hear from our Grab Women Driver-Partners from Malaysia and Indonesia, as they discuss","Just how safe is it to do Grab? 🛞 Hear from our Grab Women Driver-Partners from Malaysia and Indonesia, as they discuss ways they feel safe on the road as they do Grab! Want to find out more about how #MoreWomenCan drive and thrive with Grab? Read the gig paper in our bio 🔗 or grb.to/MoreWomenCan #I",2026-09-04 10:00:00+00:00,59,1545802,11392,0,27,"['MoreWomenCan', 'InsideGrab', 'WomenDrivers', 'DriverGrabPerempuan', 'MelajuSyantiek']",2026-09-28 15:20:59.011128+00:00,TIKTOK_SNAPSHOT_TRACKING,"Just how safe is it to do Grab? 🛞 Hear from our Grab Women Driver-Partners from Malaysia and Indonesia, as they discuss Just how safe is it to do Grab? 🛞 Hear from our Grab Women Driver-Partners from Malaysia and Indonesia, as they discuss ways they feel safe on the road as they do Grab! Want to find out more about how #MoreWomenCan drive and thrive with Grab? Read the gig paper in our bio 🔗 or grb.to/MoreWomenCan #I","morewomencan, i",just how safe is it to do grab hear from our grab women driver partners from malaysia and indonesia as they discuss just how safe is it to do grab hear from our grab women driver partners from malaysia and indonesia as they discuss ways they feel safe on the road as they do grab want to find out more about how morewomencan drive and thrive with grab read the gig paper in our bio or grb to morewomencan i,"just, how, safe, is, it, to, do, grab, hear, from, our, grab, women, driver, partners, from, malaysia, and, indonesia, as, they, discuss, just, how, safe, is, it, to, do, grab, hear, from, our, grab, women, driver, partners, from, malaysia, and, indonesia, as, they, discuss, ways, they, feel, safe, on, the, road, as, they, do, grab, want, to, find, out, more, about, how, morewomencan, drive, and, thrive, with, grab, read, the, gig, paper, in, our, bio, or, grb, to, morewomencan",79,"just, safe, grab, hear, grab, women, driver, partners, malaysia, indonesia, discuss, just, safe, grab, hear, grab, women, driver, partners, malaysia, indonesia, discuss, ways, feel, safe, road, grab, want, find, morewomencan, drive, thrive, grab, read, gig, paper, bio, grb, morewomencan",39,just safe grab hear grab women driver partners malaysia indonesia discuss just safe grab hear grab women driver partners malaysia indonesia discuss ways feel safe road grab want find morewomencan drive thrive grab read gig paper bio grb morewomencan
tiktok,tt_7689482862046809364,lingdibyo271,@lingdibyo,Bilqis luvena seleb Banyuwangi ikut join trend 🥰#selebbanyuwangi #dayinthelife #viralvedio #bilqis  #fypppppppppppppp,Bilqis luvena seleb Banyuwangi ikut join trend 🥰#selebbanyuwangi #dayinthelife #viralvedio #bilqis  #fypppppppppppppp,2026-09-25 14:40:48+00:00,12,1631613,29654,1968,12118,"['selebbanyuwangi', 'dayinthelife', 'viralvedio', 'bilqis', 'fypppppppppppppp']",2026-09-28 15:20:59.011128+00:00,TIKTOK_SNAPSHOT_TRACKING,Bilqis luvena seleb Banyuwangi ikut join trend 🥰#selebbanyuwangi #dayinthelife #viralvedio #bilqis  #fypppppppppppppp Bilqis luvena seleb Banyuwangi ikut join trend 🥰#selebbanyuwangi #dayinthelife #viralvedio #bilqis  #fypppppppppppppp,"selebbanyuwangi, dayinthelife, viralvedio, bilqis, fypppppppppppppp, selebbanyuwangi, dayinthelife, viralvedio, bilqis, fypppppppppppppp",bilqis luvena seleb banyuwangi ikut join trend selebbanyuwangi dayinthelife viralvedio bilqis fypppppppppppppp bilqis luvena seleb banyuwangi ikut join trend selebbanyuwangi dayinthelife viralvedio bilqis fypppppppppppppp,"bilqis, luvena, seleb, banyuwangi, ikut, join, trend, selebbanyuwangi, dayinthelife, viralvedio, bilqis, fypppppppppppppp, bilqis, luvena, seleb, banyuwangi, ikut, join, trend, selebbanyuwangi, dayinthelife, viralvedio, bilqis, fypppppppppppppp",24,"bilqis, luvena, seleb, banyuwangi, join, trend, selebbanyuwangi, dayinthelife, viralvedio, bilqis, fypppppppppppppp, bilqis, luvena, seleb, banyuwangi, join, trend, selebbanyuwangi, dayinthelife, viralvedio, bilqis, fypppppppppppppp",22,bilqis luvena seleb banyuwangi join trend selebbanyuwangi dayinthelife viralvedio bilqis fypppppppppppppp bilqis luvena seleb banyuwangi join trend selebbanyuwangi dayinthelife viralvedio bilqis fypppppppppppppp
tiktok,tt_7689613728668601621,miunz0,@Miunz0,nemu tangga super aneh #semuaorang #fyp #fyi #faktamenarik  #faktaunik,nemu tangga super aneh #semuaorang #fyp #fyi #faktamenarik  #faktaunik,2026-09-25 23:08:44+00:00,26,953641,9848,28,745,"['semuaorang', 'fyp', 'fyi', 'faktamenarik', 'faktaunik']",2026-09-28 15:20:59.011128+00:00,TIKTOK_SNAPSHOT_TRACKING,nemu tangga super aneh #semuaorang #fyp #fyi #faktamenarik  #faktaunik nemu tangga super aneh #semuaorang #fyp #fyi #faktamenarik  #faktaunik,"semuaorang, fyp, fyi, faktamenarik, faktaunik, semuaorang, fyp, fyi, faktamenarik, faktaunik",nemu tangga super aneh semuaorang fyp fyi faktamenarik faktaunik nemu tangga super aneh semuaorang fyp fyi faktamenarik faktaunik,"nemu, tangga, super, aneh, semuaorang, fyp, fyi, faktamenarik, faktaunik, nemu, tangga, super, aneh, semuaorang, fyp, fyi, faktamenarik, faktaunik",18,"nemu, tangga, super, aneh, semuaorang, fyp, fyi, faktamenarik, faktaunik, nemu, tangga, super, aneh, semuaorang, fyp, fyi, faktamenarik, faktaunik",18,nemu tangga super aneh semuaorang fyp fyi faktamenarik faktaunik nemu tangga super aneh semuaorang fyp fyi faktamenarik faktaunik
tiktok,tt_7688655580881489170,aanjaniiiiii,@estianjani,Yasudahlah🤪🤪,Yasudahlah🤪🤪,2026-09-23 09:10:35+00:00,10,1698756,64943,545,2623,"['tiktok', 'fyp', 'viral', 'id']",2026-09-28 15:20:59.011128+00:00,TIKTOK_SNAPSHOT_TRACKING,Yasudahlah🤪🤪 Yasudahlah🤪🤪,,yasudahlah yasudahlah,"yasudahlah, yasudahlah",2,"yasudahlah, yasudahlah",2,yasudahlah yasudahlah
tiktok,tt_7689120441138662674,dexanna66,@DexAnna,"Prosesi Sakral, Mewangsuh Arca Pratima Ida Bhatara Tirta Empul  Ring Taman Suci Tirta Empul🙏🏁 #fyp#Panjak#TirtaEmpul#Rau","Prosesi Sakral, Mewangsuh Arca Pratima Ida Bhatara Tirta Empul  Ring Taman Suci Tirta Empul🙏🏁 #fyp#Panjak#TirtaEmpul#RauhMelasti#🏁",2026-09-24 15:14:27+00:00,19,310918,23068,49,2638,"['fyp', 'Panjak', 'TirtaEmpul', 'RauhMelasti']",2026-09-28 15:20:59.011128+00:00,TIKTOK_SNAPSHOT_TRACKING,"Prosesi Sakral, Mewangsuh Arca Pratima Ida Bhatara Tirta Empul  Ring Taman Suci Tirta Empul🙏🏁 #fyp#Panjak#TirtaEmpul#Rau Prosesi Sakral, Mewangsuh Arca Pratima Ida Bhatara Tirta Empul  Ring Taman Suci Tirta Empul🙏🏁 #fyp#Panjak#TirtaEmpul#RauhMelasti#🏁","fyp, panjak, tirtaempul, rau, fyp, panjak, tirtaempul, rauhmelasti",prosesi sakral mewangsuh arca pratima ida bhatara tirta empul ring taman suci tirta empul fyp panjak tirtaempul rau prosesi sakral mewangsuh arca pratima ida bhatara tirta empul ring taman suci tirta empul fyp panjak tirtaempul rauhmelasti,"prosesi, sakral, mewangsuh, arca, pratima, ida, bhatara, tirta, empul, ring, taman, suci, tirta, empul, fyp, panjak, tirtaempul, rau, prosesi, sakral, mewangsuh, arca, pratima, ida, bhatara, tirta, empul, ring, taman, suci, tirta, empul, fyp, panjak, tirtaempul, rauhmelasti",36,"prosesi, sakral, mewangsuh, arca, pratima, ida, bhatara, tirta, empul, ring, taman, suci, tirta, empul, fyp, panjak, tirtaempul, rau, prosesi, sakral, mewangsuh, arca, pratima, ida, bhatara, tirta, empul, ring, taman, suci, tirta, empul, fyp, panjak, tirtaempul, rauhmelasti",36,prosesi sakral mewangsuh arca pratima ida bhatara tirta empul ring taman suci tirta empul fyp panjak tirtaempul rau prosesi sakral mewangsuh arca pratima ida bhatara tirta empul ring taman suci tirta empul fyp panjak tirtaempul rauhmelasti
tiktok,tt_7689537994579086598,evo.iz,@evo,Trending TikTok Short,Trending TikTok Short,2026-09-25 18:14:49+00:00,6,1518830,264578,1537,6352,"['tiktok', 'fyp', 'viral', 'id']",2026-09-28 15:20:59.011128+00:00,TIKTOK_SNAPSHOT_TRACKING,Trending TikTok Short Trending TikTok Short,,trending tiktok short trending tiktok short,"trending, tiktok, short, trending, tiktok, short",6,"trending, tiktok, short, trending, tiktok, short",6,trending tiktok short trending tiktok short
tiktok,tt_7689401234343611654,championsidn,@Championsidn,"Lagi asyik mancing di tengah perjalanan, seorang penumpang kapal malah dibuat tegang setelah ikan yang tersangkut di kai","Lagi asyik mancing di tengah perjalanan, seorang penumpang kapal malah dibuat tegang setelah ikan yang tersangkut di kail tiba-tiba dikejar hiu. Ikan masih meronta di permukaan, eh si predator langsung muncul dan mengejar dari bawah. Untungnya, si pemancing sempat menarik ikan lebih dulu sebelum dis",2026-09-25 09:24:14+00:00,40,1437799,14894,116,215,"['Champions', 'Mancing', 'HiuLaut', 'MomenTegang']",2026-09-28 15:20:59.011128+00:00,TIKTOK_SNAPSHOT_TRACKING,"Lagi asyik mancing di tengah perjalanan, seorang penumpang kapal malah dibuat tegang setelah ikan yang tersangkut di kai Lagi asyik mancing di tengah perjalanan, seorang penumpang kapal malah dibuat tegang setelah ikan yang tersangkut di kail tiba-tiba dikejar hiu. Ikan masih meronta di permukaan, eh si predator langsung muncul dan mengejar dari bawah. Untungnya, si pemancing sempat menarik ikan lebih dulu sebelum dis",,lagi asyik mancing di tengah perjalanan seorang penumpang kapal malah dibuat tegang setelah ikan yang tersangkut di kai lagi asyik mancing di tengah perjalanan seorang penumpang kapal malah dibuat tegang setelah ikan yang tersangkut di kail tiba tiba dikejar hiu ikan masih meronta di permukaan eh si predator langsung muncul dan mengejar dari bawah untungnya si pemancing sempat menarik ikan lebih dulu sebelum dis,"lagi, asyik, mancing, di, tengah, perjalanan, seorang, penumpang, kapal, malah, dibuat, tegang, setelah, ikan, yang, tersangkut, di, kai, lagi, asyik, mancing, di, tengah, perjalanan, seorang, penumpang, kapal, malah, dibuat, tegang, setelah, ikan, yang, tersangkut, di, kail, tiba, tiba, dikejar, hiu, ikan, masih, meronta, di, permukaan, eh, si, predator, langsung, muncul, dan, mengejar, dari, bawah, untungnya, si, pemancing, sempat, menarik, ikan, lebih, dulu, sebelum, dis",64,"asyik, mancing, perjalanan, penumpang, kapal, tegang, ikan, tersangkut, kai, asyik, mancing, perjalanan, penumpang, kapal, tegang, ikan, tersangkut, kail, dikejar, hiu, ikan, meronta, permukaan, eh, si, predator, langsung, muncul, mengejar, untungnya, si, pemancing, menarik, ikan, dis",35,asyik mancing perjalanan penumpang kapal tegang ikan tersangkut kai asyik mancing perjalanan penumpang kapal tegang ikan tersangkut kail dikejar hiu ikan meronta permukaan eh si predator langsung muncul mengejar untungnya si pemancing menarik ikan dis
tiktok,tt_7683544258132856085,ngakaksehatig,@Ngakaksehat,"Momen petugas sensus minta KK asli alias Kartu Keluarga, ibu ini malah literally datang bawa kakak kandungnya. Gak salah","Momen petugas sensus minta KK asli alias Kartu Keluarga, ibu ini malah literally datang bawa kakak kandungnya. Gak salah sih, cuma beda server 😭🤣 . Cr: dimaschandra📹",2026-09-09 14:36:00+00:00,34,5947,106,2,45,"['tiktok', 'fyp', 'viral', 'id']",2026-09-28 15:20:59.011128+00:00,TIKTOK_SNAPSHOT_TRACKING,"Momen petugas sensus minta KK asli alias Kartu Keluarga, ibu ini malah literally datang bawa kakak kandungnya. Gak salah Momen petugas sensus minta KK asli alias Kartu Keluarga, ibu ini malah literally datang bawa kakak kandungnya. Gak salah sih, cuma beda server 😭🤣 . Cr: dimaschandra📹",,momen petugas sensus minta kk asli alias kartu keluarga ibu ini malah literally datang bawa kakak kandungnya gak salah momen petugas sensus minta kk asli alias kartu keluarga ibu ini malah literally datang bawa kakak kandungnya gak salah sih cuma beda server cr dimaschandra,"momen, petugas, sensus, minta, kk, asli, alias, kartu, keluarga, ibu, ini, malah, literally, datang, bawa, kakak, kandungnya, gak, salah, momen, petugas, sensus, minta, kk, asli, alias, kartu, keluarga, ibu, ini, malah, literally, datang, bawa, kakak, kandungnya, gak, salah, sih, cuma, beda, server, cr, dimaschandra",44,"momen, petugas, sensus, kk, asli, alias, kartu, keluarga, literally, datang, bawa, kakak, kandungnya, salah, momen, petugas, sensus, kk, asli, alias, kartu, keluarga, literally, datang, bawa, kakak, kandungnya, salah, sih, beda, server, cr, dimaschandra",33,momen petugas sensus kk asli alias kartu keluarga literally datang bawa kakak kandungnya salah momen petugas sensus kk asli alias kartu keluarga literally datang bawa kakak kandungnya salah sih beda server cr dimaschandra
tiktok,tt_7658246847244274951,wesleyclark74,@robin,#SomeoneLikeYou,#SomeoneLikeYou,2026-07-03 10:29:10+00:00,39,37034688,4250729,11290,136145,['SomeoneLikeYou'],2026-09-20 14:13:08.752257+00:00,TIKTOK_LIVE_FYP_FEED,#SomeoneLikeYou #SomeoneLikeYou,"someonelikeyou, someonelikeyou",someonelikeyou someonelikeyou,"someonelikeyou, someonelikeyou",2,"someonelikeyou, someonelikeyou",2,someonelikeyou someonelikeyou
tiktok,tt_7663457407242095893,agengcarlitos,@AgengCarlitos,DEEBO COMING! HIDE YOUR CHAIN!😤.     #4u #english #memes #friday1995,DEEBO COMING! HIDE YOUR CHAIN!😤.     #4u #english #memes #friday1995,2026-07-17 11:28:46+00:00,46,15382052,1272641,5484,77516,"['4u', 'english', 'memes', 'friday1995']",2026-09-20 14:13:08.752257+00:00,TIKTOK_LIVE_FYP_FEED,DEEBO COMING! HIDE YOUR CHAIN!😤.     #4u #english #memes #friday1995 DEEBO COMING! HIDE YOUR CHAIN!😤.     #4u #english #memes #friday1995,"4u, english, memes, friday1995, 4u, english, memes, friday1995",deebo coming hide your chain 4u english memes friday1995 deebo coming hide your chain 4u english memes friday1995,"deebo, coming, hide, your, chain, english, memes, deebo, coming, hide, your, chain, english, memes",14,"deebo, coming, hide, chain, english, memes, deebo, coming, hide, chain, english, memes",12,deebo coming hide chain english memes deebo coming hide chain english memes
tiktok,tt_7672048108590697748,pesonagulajawa,@heiibell,#trending #fyp #catlover With kucing satpam idm,#trending #fyp #catlover With kucing satpam idm,2026-08-09 15:05:06+00:00,10,7891038,1241631,10455,161360,"['trending', 'fyp', 'catlover']",2026-09-20 14:13:08.752257+00:00,TIKTOK_LIVE_FYP_FEED,#trending #fyp #catlover With kucing satpam idm #trending #fyp #catlover With kucing satpam idm,"trending, fyp, catlover, trending, fyp, catlover",trending fyp catlover with kucing satpam idm trending fyp catlover with kucing satpam idm,"trending, fyp, catlover, with, kucing, satpam, idm, trending, fyp, catlover, with, kucing, satpam, idm",14,"trending, fyp, catlover, kucing, satpam, idm, trending, fyp, catlover, kucing, satpam, idm",12,trending fyp catlover kucing satpam idm trending fyp catlover kucing satpam idm
tiktok,tt_7680534315159031058,r.madhivan,@Rifqi Madhivan,"Gak sengaja ketemu bapak ini di astana anyar. Wajah bapaknya begitu sangat kusam, tapi sekarang tampak bersinar dan lebi","Gak sengaja ketemu bapak ini di astana anyar. Wajah bapaknya begitu sangat kusam, tapi sekarang tampak bersinar dan lebih cerah 🤩",2026-09-01 11:55:52+00:00,58,12583891,791418,18651,26532,"['tiktok', 'fyp', 'viral', 'id']",2026-09-20 14:13:08.752257+00:00,TIKTOK_LIVE_FYP_FEED,"Gak sengaja ketemu bapak ini di astana anyar. Wajah bapaknya begitu sangat kusam, tapi sekarang tampak bersinar dan lebi Gak sengaja ketemu bapak ini di astana anyar. Wajah bapaknya begitu sangat kusam, tapi sekarang tampak bersinar dan lebih cerah 🤩",,gak sengaja ketemu bapak ini di astana anyar wajah bapaknya begitu sangat kusam tapi sekarang tampak bersinar dan lebi gak sengaja ketemu bapak ini di astana anyar wajah bapaknya begitu sangat kusam tapi sekarang tampak bersinar dan lebih cerah,"gak, sengaja, ketemu, bapak, ini, di, astana, anyar, wajah, bapaknya, begitu, sangat, kusam, tapi, sekarang, tampak, bersinar, dan, lebi, gak, sengaja, ketemu, bapak, ini, di, astana, anyar, wajah, bapaknya, begitu, sangat, kusam, tapi, sekarang, tampak, bersinar, dan, lebih, cerah",39,"sengaja, ketemu, astana, anyar, wajah, bapaknya, kusam, tampak, bersinar, lebi, sengaja, ketemu, astana, anyar, wajah, bapaknya, kusam, tampak, bersinar, cerah",20,sengaja ketemu astana anyar wajah bapaknya kusam tampak bersinar lebi sengaja ketemu astana anyar wajah bapaknya kusam tampak bersinar cerah
tiktok,tt_7684861117536947477,ulianaci,@Ulya,sampe capek aku 😭 #uliana #emakemak #viralvideo,sampe capek aku 😭 #uliana #emakemak #viralvideo,2026-09-13 03:46:08+00:00,28,801801,78837,669,1682,"['uliana', 'emakemak', 'viralvideo']",2026-09-20 14:13:08.752257+00:00,TIKTOK_LIVE_FYP_FEED,sampe capek aku 😭 #uliana #emakemak #viralvideo sampe capek aku 😭 #uliana #emakemak #viralvideo,"uliana, emakemak, viralvideo, uliana, emakemak, viralvideo",sampe capek aku uliana emakemak viralvideo sampe capek aku uliana emakemak viralvideo,"sampe, capek, aku, uliana, emakemak, viralvideo, sampe, capek, aku, uliana, emakemak, viralvideo",12,"sampe, capek, uliana, emakemak, viralvideo, sampe, capek, uliana, emakemak, viralvideo",10,sampe capek uliana emakemak viralvideo sampe capek uliana emakemak viralvideo
tiktok,tt_7686308290770423047,kimbriella1,@baba,#briella #baba #humpriesfamily,#briella #baba #humpriesfamily,2026-09-17 01:21:57+00:00,24,1721960,70822,1265,4494,"['briella', 'baba', 'humpriesfamily']",2026-09-20 14:13:08.752257+00:00,TIKTOK_LIVE_FYP_FEED,#briella #baba #humpriesfamily #briella #baba #humpriesfamily,"briella, baba, humpriesfamily, briella, baba, humpriesfamily",briella baba humpriesfamily briella baba humpriesfamily,"briella, baba, humpriesfamily, briella, baba, humpriesfamily",6,"briella, baba, humpriesfamily, briella, baba, humpriesfamily",6,briella baba humpriesfamily briella baba humpriesfamily
tiktok,tt_7674954909824945428,lucasquilitano,@Luke,Trending TikTok Short,Trending TikTok Short,2026-08-17 11:04:58+00:00,5,5266352,376709,851,17430,"['tiktok', 'fyp', 'viral', 'id']",2026-09-20 14:13:08.752257+00:00,TIKTOK_LIVE_FYP_FEED,Trending TikTok Short Trending TikTok Short,,trending tiktok short trending tiktok short,"trending, tiktok, short, trending, tiktok, short",6,"trending, tiktok, short, trending, tiktok, short",6,trending tiktok short trending tiktok short
tiktok,tt_7679573720855219476,ruangluchu,@Ruangluchu,Top 5 bikin ngakak bocil belajar #top5 #videolucu #ngakak #meme #promomakangajian,Top 5 bikin ngakak bocil belajar #top5 #videolucu #ngakak #meme #promomakangajian,2026-08-29 21:48:18+00:00,56,3593939,176621,936,31214,"['top5', 'videolucu', 'ngakak', 'meme', 'promomakangajian']",2026-09-20 14:13:08.752257+00:00,TIKTOK_LIVE_FYP_FEED,Top 5 bikin ngakak bocil belajar #top5 #videolucu #ngakak #meme #promomakangajian Top 5 bikin ngakak bocil belajar #top5 #videolucu #ngakak #meme #promomakangajian,"top5, videolucu, ngakak, meme, promomakangajian, top5, videolucu, ngakak, meme, promomakangajian",top 5 bikin ngakak bocil belajar top5 videolucu ngakak meme promomakangajian top 5 bikin ngakak bocil belajar top5 videolucu ngakak meme promomakangajian,"top, bikin, ngakak, bocil, belajar, videolucu, ngakak, meme, promomakangajian, top, bikin, ngakak, bocil, belajar, videolucu, ngakak, meme, promomakangajian",18,"top, bikin, ngakak, bocil, belajar, videolucu, ngakak, meme, promomakangajian, top, bikin, ngakak, bocil, belajar, videolucu, ngakak, meme, promomakangajian",18,top bikin ngakak bocil belajar videolucu ngakak meme promomakangajian top bikin ngakak bocil belajar videolucu ngakak meme promomakangajian
tiktok,tt_7663757370585058567,delvinsucahyaa,@Delvinsucahyaa,Emang harga tahu walik biasanya berapa sih??@INDRA PERDANA #hidupsederhana #fyp #iphone17promax,Emang harga tahu walik biasanya berapa sih??@INDRA PERDANA #hidupsederhana #fyp #iphone17promax,2026-07-18 06:52:53+00:00,50,9693329,755140,10101,70625,"['hidupsederhana', 'fyp', 'iphone17promax']",2026-09-20 14:13:08.752257+00:00,TIKTOK_LIVE_FYP_FEED,Emang harga tahu walik biasanya berapa sih??@INDRA PERDANA #hidupsederhana #fyp #iphone17promax Emang harga tahu walik biasanya berapa sih??@INDRA PERDANA #hidupsederhana #fyp #iphone17promax,"hidupsederhana, fyp, iphone17promax, hidupsederhana, fyp, iphone17promax",emang harga tahu walik biasanya berapa sih perdana hidupsederhana fyp iphone17promax emang harga tahu walik biasanya berapa sih perdana hidupsederhana fyp iphone17promax,"emang, harga, tahu, walik, biasanya, berapa, sih, perdana, hidupsederhana, fyp, emang, harga, tahu, walik, biasanya, berapa, sih, perdana, hidupsederhana, fyp",20,"emang, harga, walik, sih, perdana, hidupsederhana, fyp, emang, harga, walik, sih, perdana, hidupsederhana, fyp",14,emang harga walik sih perdana hidupsederhana fyp emang harga walik sih perdana hidupsederhana fyp
tiktok,tt_7668335266507001120,beyer.hunter,@Beyer Hunter,Cops arrested Rayleigh,Cops arrested Rayleigh,2026-07-30 14:57:19+00:00,6,10008885,772873,11808,50599,"['tiktok', 'fyp', 'viral', 'id']",2026-09-20 14:13:08.752257+00:00,TIKTOK_LIVE_FYP_FEED,Cops arrested Rayleigh Cops arrested Rayleigh,,cops arrested rayleigh cops arrested rayleigh,"cops, arrested, rayleigh, cops, arrested, rayleigh",6,"cops, arrested, rayleigh, cops, arrested, rayleigh",6,cops arrested rayleigh cops arrested rayleigh
tiktok,tt_7669132960917998869,.aaapaathy,@️,Trending TikTok Short,Trending TikTok Short,2026-08-01 18:32:58+00:00,8,61744705,16595794,57848,1775725,"['tiktok', 'fyp', 'viral', 'id']",2026-09-20 14:14:04.954727+00:00,TIKTOK_LIVE_FYP_FEED,Trending TikTok Short Trending TikTok Short,,trending tiktok short trending tiktok short,"trending, tiktok, short, trending, tiktok, short",6,"trending, tiktok, short, trending, tiktok, short",6,trending tiktok short trending tiktok short
tiktok,tt_7661239207683181844,saimaaringedseal,@saimaa,I sealously love you #seal #loveyou #creatorsearchinsights #seacreature #Love seal seal seal seal seal seal seal seal se,I sealously love you #seal #loveyou #creatorsearchinsights #seacreature #Love seal seal seal seal seal seal seal seal seal seal seal seal seal seal seal seal seal seal seal seal seal seal seal seal seal seal seal seal seal seal seal seal seal seal seal seal seal seal seal seal seal seal seal seal se,2026-07-11 12:01:00+00:00,9,1613207,152556,5681,42333,"['seal', 'loveyou', 'creatorsearchinsights', 'seacreature', 'Love']",2026-09-20 14:14:04.954727+00:00,TIKTOK_LIVE_FYP_FEED,I sealously love you #seal #loveyou #creatorsearchinsights #seacreature #Love seal seal seal seal seal seal seal seal se I sealously love you #seal #loveyou #creatorsearchinsights #seacreature #Love seal seal seal seal seal seal seal seal seal seal seal seal seal seal seal seal seal seal seal seal seal seal seal seal seal seal seal seal seal seal seal seal seal seal seal seal seal seal seal seal seal seal seal seal se,"seal, loveyou, creatorsearchinsights, seacreature, love, seal, loveyou, creatorsearchinsights, seacreature, love",i sealously love you seal loveyou creatorsearchinsights seacreature love seal seal seal seal seal seal seal seal se i sealously love you seal loveyou creatorsearchinsights seacreature love seal seal seal seal seal seal seal seal seal seal seal seal seal seal seal seal seal seal seal seal seal seal seal seal seal seal seal seal seal seal seal seal seal seal seal seal seal seal seal seal seal seal seal seal se,"sealously, love, you, seal, loveyou, creatorsearchinsights, seacreature, love, seal, seal, seal, seal, seal, seal, seal, seal, se, sealously, love, you, seal, loveyou, creatorsearchinsights, seacreature, love, seal, seal, seal, seal, seal, seal, seal, seal, seal, seal, seal, seal, seal, seal, seal, seal, seal, seal, seal, seal, seal, seal, seal, seal, seal, seal, seal, seal, seal, seal, seal, seal, seal, seal, seal, seal, seal, seal, seal, seal, seal, seal, seal, seal, se",70,"sealously, love, seal, loveyou, creatorsearchinsights, seacreature, love, seal, seal, seal, seal, seal, seal, seal, seal, sealously, love, seal, loveyou, creatorsearchinsights, seacreature, love, seal, seal, seal, seal, seal, seal, seal, seal, seal, seal, seal, seal, seal, seal, seal, seal, seal, seal, seal, seal, seal, seal, seal, seal, seal, seal, seal, seal, seal, seal, seal, seal, seal, seal, seal, seal, seal, seal, seal, seal, seal, seal, seal, seal",66,sealously love seal loveyou creatorsearchinsights seacreature love seal seal seal seal seal seal seal seal sealously love seal loveyou creatorsearchinsights seacreature love seal seal seal seal seal seal seal seal seal seal seal seal seal seal seal seal seal seal seal seal seal seal seal seal seal seal seal seal seal seal seal seal seal seal seal seal seal seal seal seal seal seal seal seal
tiktok,tt_7668197107773345031,adull.ih,@adull ihh,#foryoupage #fypp,#foryoupage #fypp,2026-07-30 06:01:16+00:00,11,4283511,874113,1347,55360,"['foryoupage', 'fypp']",2026-09-20 14:14:04.954727+00:00,TIKTOK_LIVE_FYP_FEED,#foryoupage #fypp #foryoupage #fypp,"foryoupage, fypp, foryoupage, fypp",foryoupage fypp foryoupage fypp,"foryoupage, fypp, foryoupage, fypp",4,"foryoupage, fypp, foryoupage, fypp",4,foryoupage fypp foryoupage fypp
tiktok,tt_7659288795015105799,studentvlogger17,@charisse,Lets goo Japannn HAHAHAHAHA #fyp #japan #livinginjapan #foryou #student,Lets goo Japannn HAHAHAHAHA #fyp #japan #livinginjapan #foryou #student,2026-07-06 05:52:33+00:00,31,3378526,529583,793,11698,"['fyp', 'japan', 'livinginjapan', 'foryou', 'student']",2026-09-20 14:14:04.954727+00:00,TIKTOK_LIVE_FYP_FEED,Lets goo Japannn HAHAHAHAHA #fyp #japan #livinginjapan #foryou #student Lets goo Japannn HAHAHAHAHA #fyp #japan #livinginjapan #foryou #student,"fyp, japan, livinginjapan, foryou, student, fyp, japan, livinginjapan, foryou, student",lets goo japannn hahahahaha fyp japan livinginjapan foryou student lets goo japannn hahahahaha fyp japan livinginjapan foryou student,"lets, goo, japannn, hahahahaha, fyp, japan, livinginjapan, foryou, student, lets, goo, japannn, hahahahaha, fyp, japan, livinginjapan, foryou, student",18,"lets, goo, japannn, hahahahaha, fyp, japan, livinginjapan, foryou, student, lets, goo, japannn, hahahahaha, fyp, japan, livinginjapan, foryou, student",18,lets goo japannn hahahahaha fyp japan livinginjapan foryou student lets goo japannn hahahahaha fyp japan livinginjapan foryou student
tiktok,tt_7655933830787861780,sinar_my,@SINAR,"Terima kasih bang tolong kucing tu, semoga dipermudahkan urusan abang.😍 #SinarKongsi . Kredit tiktok nikmaziz01","Terima kasih bang tolong kucing tu, semoga dipermudahkan urusan abang.😍 #SinarKongsi . Kredit tiktok nikmaziz01",2026-06-27 04:53:34+00:00,33,998739,75642,452,22324,['SinarKongsi'],2026-09-20 14:14:04.954727+00:00,TIKTOK_LIVE_FYP_FEED,"Terima kasih bang tolong kucing tu, semoga dipermudahkan urusan abang.😍 #SinarKongsi . Kredit tiktok nikmaziz01 Terima kasih bang tolong kucing tu, semoga dipermudahkan urusan abang.😍 #SinarKongsi . Kredit tiktok nikmaziz01","sinarkongsi, sinarkongsi",terima kasih bang tolong kucing tu semoga dipermudahkan urusan abang sinarkongsi kredit tiktok nikmaziz01 terima kasih bang tolong kucing tu semoga dipermudahkan urusan abang sinarkongsi kredit tiktok nikmaziz01,"terima, kasih, bang, tolong, kucing, tu, semoga, dipermudahkan, urusan, abang, sinarkongsi, kredit, tiktok, terima, kasih, bang, tolong, kucing, tu, semoga, dipermudahkan, urusan, abang, sinarkongsi, kredit, tiktok",26,"terima, kasih, bang, tolong, kucing, tu, semoga, dipermudahkan, urusan, abang, sinarkongsi, kredit, tiktok, terima, kasih, bang, tolong, kucing, tu, semoga, dipermudahkan, urusan, abang, sinarkongsi, kredit, tiktok",26,terima kasih bang tolong kucing tu semoga dipermudahkan urusan abang sinarkongsi kredit tiktok terima kasih bang tolong kucing tu semoga dipermudahkan urusan abang sinarkongsi kredit tiktok
tiktok,tt_7673393975281143061,spillspace8,@SpillSpace.id,Sedikit tips and trik untuk para pemula #affiliate #affiliatemarketing #fyp #affiliatepemula #pejuangrupiah,Sedikit tips and trik untuk para pemula #affiliate #affiliatemarketing #fyp #affiliatepemula #pejuangrupiah,2026-08-13 06:07:42+00:00,10,1760179,103453,27974,14610,"['affiliate', 'affiliatemarketing', 'fyp', 'affiliatepemula', 'pejuangrupiah']",2026-09-20 14:14:04.954727+00:00,TIKTOK_LIVE_FYP_FEED,Sedikit tips and trik untuk para pemula #affiliate #affiliatemarketing #fyp #affiliatepemula #pejuangrupiah Sedikit tips and trik untuk para pemula #affiliate #affiliatemarketing #fyp #affiliatepemula #pejuangrupiah,"affiliate, affiliatemarketing, fyp, affiliatepemula, pejuangrupiah, affiliate, affiliatemarketing, fyp, affiliatepemula, pejuangrupiah",sedikit tips and trik untuk para pemula affiliate affiliatemarketing fyp affiliatepemula pejuangrupiah sedikit tips and trik untuk para pemula affiliate affiliatemarketing fyp affiliatepemula pejuangrupiah,"sedikit, tips, and, trik, untuk, para, pemula, affiliate, affiliatemarketing, fyp, affiliatepemula, pejuangrupiah, sedikit, tips, and, trik, untuk, para, pemula, affiliate, affiliatemarketing, fyp, affiliatepemula, pejuangrupiah",24,"tips, trik, untuk, pemula, affiliate, affiliatemarketing, fyp, affiliatepemula, pejuangrupiah, tips, trik, untuk, pemula, affiliate, affiliatemarketing, fyp, affiliatepemula, pejuangrupiah",18,tips trik untuk pemula affiliate affiliatemarketing fyp affiliatepemula pejuangrupiah tips trik untuk pemula affiliate affiliatemarketing fyp affiliatepemula pejuangrupiah
tiktok,tt_7674366181771431182,aijah_lifeinboulder,@aijah | life in BoCo⟡˖ ݁,I feel like every Filipino craves Sinigang when the weather is rainy & cozy🍲✨ #filipinofood #filipino #colorado #craving,I feel like every Filipino craves Sinigang when the weather is rainy & cozy🍲✨ #filipinofood #filipino #colorado #cravingsatisfied,2026-08-15 21:00:52+00:00,10,46868931,1786377,2699,91383,"['filipinofood', 'filipino', 'colorado', 'cravingsatisfied']",2026-09-20 14:14:04.954727+00:00,TIKTOK_LIVE_FYP_FEED,I feel like every Filipino craves Sinigang when the weather is rainy & cozy🍲✨ #filipinofood #filipino #colorado #craving I feel like every Filipino craves Sinigang when the weather is rainy & cozy🍲✨ #filipinofood #filipino #colorado #cravingsatisfied,"filipinofood, filipino, colorado, craving, filipinofood, filipino, colorado, cravingsatisfied",i feel like every filipino craves sinigang when the weather is rainy cozy filipinofood filipino colorado craving i feel like every filipino craves sinigang when the weather is rainy cozy filipinofood filipino colorado cravingsatisfied,"feel, like, every, filipino, craves, sinigang, when, the, weather, is, rainy, cozy, filipinofood, filipino, colorado, craving, feel, like, every, filipino, craves, sinigang, when, the, weather, is, rainy, cozy, filipinofood, filipino, colorado, cravingsatisfied",32,"feel, like, every, filipino, craves, sinigang, weather, rainy, cozy, filipinofood, filipino, colorado, craving, feel, like, every, filipino, craves, sinigang, weather, rainy, cozy, filipinofood, filipino, colorado, cravingsatisfied",26,feel like every filipino craves sinigang weather rainy cozy filipinofood filipino colorado craving feel like every filipino craves sinigang weather rainy cozy filipinofood filipino colorado cravingsatisfied
tiktok,tt_7659381507781381397,dimasgarrr,@•Genk,PART 1 #fyp #lucu,PART 1 #fyp #lucu,2026-07-06 11:52:13+00:00,59,18821775,441394,2231,33884,"['fyp', 'lucu']",2026-09-20 14:14:04.954727+00:00,TIKTOK_LIVE_FYP_FEED,PART 1 #fyp #lucu PART 1 #fyp #lucu,"fyp, lucu, fyp, lucu",part 1 fyp lucu part 1 fyp lucu,"part, fyp, lucu, part, fyp, lucu",6,"part, fyp, lucu, part, fyp, lucu",6,part fyp lucu part fyp lucu
tiktok,tt_7658545630045818133,picaleva,@Picaleva,Trending TikTok Short,Trending TikTok Short,2026-07-04 05:48:36+00:00,9,12865262,1481106,9226,429372,"['tiktok', 'fyp', 'viral', 'id']",2026-09-20 14:14:04.954727+00:00,TIKTOK_LIVE_FYP_FEED,Trending TikTok Short Trending TikTok Short,,trending tiktok short trending tiktok short,"trending, tiktok, short, trending, tiktok, short",6,"trending, tiktok, short, trending, tiktok, short",6,trending tiktok short trending tiktok short
tiktok,tt_7656682127311883540,sabbarae.59,@Muhammad Riswan,Iyya pusing too😂 #foryou #sidarp📍 #fypシ #viralvideo #videolucu,Iyya pusing too😂 #foryou #sidarp📍 #fypシ #viralvideo #videolucu,2026-06-29 05:17:20+00:00,21,7835194,744017,13036,477978,"['foryou', 'sidarp', 'fypシ', 'viralvideo', 'videolucu']",2026-09-20 14:14:04.954727+00:00,TIKTOK_LIVE_FYP_FEED,Iyya pusing too😂 #foryou #sidarp📍 #fypシ #viralvideo #videolucu Iyya pusing too😂 #foryou #sidarp📍 #fypシ #viralvideo #videolucu,"foryou, sidarp, fypシ, viralvideo, videolucu, foryou, sidarp, fypシ, viralvideo, videolucu",iyya pusing too foryou sidarp fypシ viralvideo videolucu iyya pusing too foryou sidarp fypシ viralvideo videolucu,"iyya, pusing, too, foryou, sidarp, viralvideo, videolucu, iyya, pusing, too, foryou, sidarp, viralvideo, videolucu",14,"iyya, pusing, foryou, sidarp, viralvideo, videolucu, iyya, pusing, foryou, sidarp, viralvideo, videolucu",12,iyya pusing foryou sidarp viralvideo videolucu iyya pusing foryou sidarp viralvideo videolucu
tiktok,tt_7680874497955728661,kelariskalista,@klar,Cieeee🥹🫵🏻❤️ Cepet kirim! 🎵Anugerah Terindah - Andmesh Kamaleng #AnugerahTerindah #AndmeshKamaleng #Coverlagu #Nyanyi #Fo,Cieeee🥹🫵🏻❤️ Cepet kirim! 🎵Anugerah Terindah - Andmesh Kamaleng #AnugerahTerindah #AndmeshKamaleng #Coverlagu #Nyanyi #Foryoupage,2026-09-02 11:10:00+00:00,45,5981060,481167,20129,309192,"['AnugerahTerindah', 'AndmeshKamaleng', 'Coverlagu', 'Nyanyi', 'Foryoupage']",2026-09-20 14:14:04.954727+00:00,TIKTOK_LIVE_FYP_FEED,Cieeee🥹🫵🏻❤️ Cepet kirim! 🎵Anugerah Terindah - Andmesh Kamaleng #AnugerahTerindah #AndmeshKamaleng #Coverlagu #Nyanyi #Fo Cieeee🥹🫵🏻❤️ Cepet kirim! 🎵Anugerah Terindah - Andmesh Kamaleng #AnugerahTerindah #AndmeshKamaleng #Coverlagu #Nyanyi #Foryoupage,"anugerahterindah, andmeshkamaleng, coverlagu, nyanyi, fo, anugerahterindah, andmeshkamaleng, coverlagu, nyanyi, foryoupage",cieeee cepet kirim anugerah terindah andmesh kamaleng anugerahterindah andmeshkamaleng coverlagu nyanyi fo cieeee cepet kirim anugerah terindah andmesh kamaleng anugerahterindah andmeshkamaleng coverlagu nyanyi foryoupage,"cieeee, cepet, kirim, anugerah, terindah, andmesh, kamaleng, anugerahterindah, andmeshkamaleng, coverlagu, nyanyi, fo, cieeee, cepet, kirim, anugerah, terindah, andmesh, kamaleng, anugerahterindah, andmeshkamaleng, coverlagu, nyanyi, foryoupage",24,"cieeee, cepet, kirim, anugerah, terindah, andmesh, kamaleng, anugerahterindah, andmeshkamaleng, coverlagu, nyanyi, fo, cieeee, cepet, kirim, anugerah, terindah, andmesh, kamaleng, anugerahterindah, andmeshkamaleng, coverlagu, nyanyi, foryoupage",24,cieeee cepet kirim anugerah terindah andmesh kamaleng anugerahterindah andmeshkamaleng coverlagu nyanyi fo cieeee cepet kirim anugerah terindah andmesh kamaleng anugerahterindah andmeshkamaleng coverlagu nyanyi foryoupage
tiktok,tt_7687032832169954578,im_setiadi96,@￴ ￴ ￴ ￴ ￴ ￴ ￴ ￴ ￴ ￴ ￴ ￴￴ ￴ ￴￴,Trending TikTok Short,Trending TikTok Short,2026-09-19 00:13:32+00:00,20,9234948,2154942,8676,244702,"['tiktok', 'fyp', 'viral', 'id']",2026-09-20 14:14:04.954727+00:00,TIKTOK_LIVE_FYP_FEED,Trending TikTok Short Trending TikTok Short,,trending tiktok short trending tiktok short,"trending, tiktok, short, trending, tiktok, short",6,"trending, tiktok, short, trending, tiktok, short",6,trending tiktok short trending tiktok short
tiktok,tt_7674964247209708821,clearindonesia,@clearindonesia,"Real talk, ini bukan shampoo yang cuma numpang lewat di kepala kamu.  Formula, barrier, scalp care, packed jadi satu, da","Real talk, ini bukan shampoo yang cuma numpang lewat di kepala kamu.  Formula, barrier, scalp care, packed jadi satu, dan itu yang bikin beda. That's the glow up your scalp deserves.",2026-08-17 11:41:10+00:00,30,18414912,48362,181,1418,"['tiktok', 'fyp', 'viral', 'id']",2026-09-20 14:14:04.954727+00:00,TIKTOK_LIVE_FYP_FEED,"Real talk, ini bukan shampoo yang cuma numpang lewat di kepala kamu.  Formula, barrier, scalp care, packed jadi satu, da Real talk, ini bukan shampoo yang cuma numpang lewat di kepala kamu.  Formula, barrier, scalp care, packed jadi satu, dan itu yang bikin beda. That's the glow up your scalp deserves.",,real talk ini bukan shampoo yang cuma numpang lewat di kepala kamu formula barrier scalp care packed jadi satu da real talk ini bukan shampoo yang cuma numpang lewat di kepala kamu formula barrier scalp care packed jadi satu dan itu yang bikin beda that s the glow up your scalp deserves,"real, talk, ini, bukan, shampoo, yang, cuma, numpang, lewat, di, kepala, kamu, formula, barrier, scalp, care, packed, jadi, satu, da, real, talk, ini, bukan, shampoo, yang, cuma, numpang, lewat, di, kepala, kamu, formula, barrier, scalp, care, packed, jadi, satu, dan, itu, yang, bikin, beda, that, the, glow, up, your, scalp, deserves",51,"real, talk, shampoo, numpang, kepala, formula, barrier, scalp, care, packed, da, real, talk, shampoo, numpang, kepala, formula, barrier, scalp, care, packed, bikin, beda, glow, scalp, deserves",26,real talk shampoo numpang kepala formula barrier scalp care packed da real talk shampoo numpang kepala formula barrier scalp care packed bikin beda glow scalp deserves
tiktok,tt_7679112451832466708,racunbrgcute,@racunbrgcute,#kipasangin #kipasanginportable #kipasmini #kipasmurah #kipsasangin,#kipasangin #kipasanginportable #kipasmini #kipasmurah #kipsasangin,2026-08-28 16:28:11+00:00,11,1699585,10680,322,1214,"['kipasangin', 'kipasanginportable', 'kipasmini', 'kipasmurah', 'kipsasangin']",2026-09-20 14:14:19.196280+00:00,TIKTOK_LIVE_FYP_FEED,#kipasangin #kipasanginportable #kipasmini #kipasmurah #kipsasangin #kipasangin #kipasanginportable #kipasmini #kipasmurah #kipsasangin,"kipasangin, kipasanginportable, kipasmini, kipasmurah, kipsasangin, kipasangin, kipasanginportable, kipasmini, kipasmurah, kipsasangin",kipasangin kipasanginportable kipasmini kipasmurah kipsasangin kipasangin kipasanginportable kipasmini kipasmurah kipsasangin,"kipasangin, kipasanginportable, kipasmini, kipasmurah, kipsasangin, kipasangin, kipasanginportable, kipasmini, kipasmurah, kipsasangin",10,"kipasangin, kipasanginportable, kipasmini, kipasmurah, kipsasangin, kipasangin, kipasanginportable, kipasmini, kipasmurah, kipsasangin",10,kipasangin kipasanginportable kipasmini kipasmurah kipsasangin kipasangin kipasanginportable kipasmini kipasmurah kipsasangin
tiktok,tt_7679371481624677640,wakatobi.2,@🌼,#akunbaru #beranda #fypシ #wakatobi,#akunbaru #beranda #fypシ #wakatobi,2026-08-29 08:43:34+00:00,5,399089,23896,7597,2214,"['akunbaru', 'beranda', 'fypシ', 'wakatobi']",2026-09-20 14:14:19.196280+00:00,TIKTOK_LIVE_FYP_FEED,#akunbaru #beranda #fypシ #wakatobi #akunbaru #beranda #fypシ #wakatobi,"akunbaru, beranda, fypシ, wakatobi, akunbaru, beranda, fypシ, wakatobi",akunbaru beranda fypシ wakatobi akunbaru beranda fypシ wakatobi,"akunbaru, beranda, wakatobi, akunbaru, beranda, wakatobi",6,"akunbaru, beranda, wakatobi, akunbaru, beranda, wakatobi",6,akunbaru beranda wakatobi akunbaru beranda wakatobi
tiktok,tt_7680086940254768392,cintascl_,@cintascl_,efek samping nge kost,efek samping nge kost,2026-08-31 06:59:55+00:00,12,3383864,444164,2693,21165,"['tiktok', 'fyp', 'viral', 'id']",2026-09-20 14:14:19.196280+00:00,TIKTOK_LIVE_FYP_FEED,efek samping nge kost efek samping nge kost,,efek samping nge kost efek samping nge kost,"efek, samping, nge, kost, efek, samping, nge, kost",8,"efek, samping, nge, kost, efek, samping, nge, kost",8,efek samping nge kost efek samping nge kost
tiktok,tt_7664599038951558421,amandamanopoaustin,@amandamanopoaustin,Bisa yuk,Bisa yuk,2026-07-20 13:18:55+00:00,12,7948453,780620,7676,37581,"['tiktok', 'fyp', 'viral', 'id']",2026-09-20 14:14:19.196280+00:00,TIKTOK_LIVE_FYP_FEED,Bisa yuk Bisa yuk,,bisa yuk bisa yuk,"bisa, yuk, bisa, yuk",4,,0,
tiktok,tt_7671636463267613960,21_nisakuyy,@Nisa,no kemen🙏,no kemen🙏,2026-08-08 12:27:40+00:00,5,12130240,1509253,6365,52103,"['tiktok', 'fyp', 'viral', 'id']",2026-09-20 14:14:19.196280+00:00,TIKTOK_LIVE_FYP_FEED,no kemen🙏 no kemen🙏,,no kemen no kemen,"no, kemen, no, kemen",4,"kemen, kemen",2,kemen kemen
tiktok,tt_7679070466816052501,kuszma24,@Kuszma,#fyp #sandal,#fyp #sandal,2026-08-28 13:15:27+00:00,13,2372062,9560,38,980,"['fyp', 'sandal']",2026-09-20 14:14:19.196280+00:00,TIKTOK_LIVE_FYP_FEED,#fyp #sandal #fyp #sandal,"fyp, sandal, fyp, sandal",fyp sandal fyp sandal,"fyp, sandal, fyp, sandal",4,"fyp, sandal, fyp, sandal",4,fyp sandal fyp sandal
tiktok,tt_7687271688261733653,jennifer.coppen,@Jennifer Hubner,Mermaid in the house,Mermaid in the house,2026-09-19 15:40:20+00:00,16,6095584,1085888,2368,27535,"['tiktok', 'fyp', 'viral', 'id']",2026-09-20 14:14:19.196280+00:00,TIKTOK_LIVE_FYP_FEED,Mermaid in the house Mermaid in the house,,mermaid in the house mermaid in the house,"mermaid, in, the, house, mermaid, in, the, house",8,"mermaid, house, mermaid, house",4,mermaid house mermaid house
tiktok,tt_7670423232817679633,auliacookingjourney,@Selina🍳,Enak banget masyaallah🫶🏻M AYAM GORENG KIPAS Bahan: 6 pcs paha ayam 8 bawang merah 5 bawang putih 1 sdt ketumbar bubuk 1/,Enak banget masyaallah🫶🏻M AYAM GORENG KIPAS Bahan: 6 pcs paha ayam 8 bawang merah 5 bawang putih 1 sdt ketumbar bubuk 1/2 sdt lada bubuk 2 sdt cabe bubuk  1 butir telur 1/2 sdm penyedap 1 sdt garam 2 sdm tepung terigu  5 sdm tepung maizena 3 sdm tepung tapioka,2026-08-05 06:00:12+00:00,32,15577084,1326532,3595,184560,"['tiktok', 'fyp', 'viral', 'id']",2026-09-20 14:14:19.196280+00:00,TIKTOK_LIVE_FYP_FEED,Enak banget masyaallah🫶🏻M AYAM GORENG KIPAS Bahan: 6 pcs paha ayam 8 bawang merah 5 bawang putih 1 sdt ketumbar bubuk 1/ Enak banget masyaallah🫶🏻M AYAM GORENG KIPAS Bahan: 6 pcs paha ayam 8 bawang merah 5 bawang putih 1 sdt ketumbar bubuk 1/2 sdt lada bubuk 2 sdt cabe bubuk  1 butir telur 1/2 sdm penyedap 1 sdt garam 2 sdm tepung terigu  5 sdm tepung maizena 3 sdm tepung tapioka,,enak banget masyaallah m ayam goreng kipas bahan 6 pcs paha ayam 8 bawang merah 5 bawang putih 1 sdt ketumbar bubuk 1 enak banget masyaallah m ayam goreng kipas bahan 6 pcs paha ayam 8 bawang merah 5 bawang putih 1 sdt ketumbar bubuk 1 2 sdt lada bubuk 2 sdt cabe bubuk 1 butir telur 1 2 sdm penyedap 1 sdt garam 2 sdm tepung terigu 5 sdm tepung maizena 3 sdm tepung tapioka,"enak, banget, masyaallah, ayam, goreng, kipas, bahan, pcs, paha, ayam, bawang, merah, bawang, putih, sdt, ketumbar, bubuk, enak, banget, masyaallah, ayam, goreng, kipas, bahan, pcs, paha, ayam, bawang, merah, bawang, putih, sdt, ketumbar, bubuk, sdt, lada, bubuk, sdt, cabe, bubuk, butir, telur, sdm, penyedap, sdt, garam, sdm, tepung, terigu, sdm, tepung, maizena, sdm, tepung, tapioka",55,"enak, banget, masyaallah, ayam, goreng, kipas, bahan, pcs, paha, ayam, bawang, merah, bawang, putih, sdt, ketumbar, bubuk, enak, banget, masyaallah, ayam, goreng, kipas, bahan, pcs, paha, ayam, bawang, merah, bawang, putih, sdt, ketumbar, bubuk, sdt, lada, bubuk, sdt, cabe, bubuk, butir, telur, sdm, penyedap, sdt, garam, sdm, tepung, terigu, sdm, tepung, maizena, sdm, tepung, tapioka",55,enak banget masyaallah ayam goreng kipas bahan pcs paha ayam bawang merah bawang putih sdt ketumbar bubuk enak banget masyaallah ayam goreng kipas bahan pcs paha ayam bawang merah bawang putih sdt ketumbar bubuk sdt lada bubuk sdt cabe bubuk butir telur sdm penyedap sdt garam sdm tepung terigu sdm tepung maizena sdm tepung tapioka
tiktok,tt_7683892742610554130,4.batak.1.cina,@4 Batak 1 Cina,Trending TikTok Short,Trending TikTok Short,2026-09-10 13:08:19+00:00,21,1486141,165133,408,9633,"['tiktok', 'fyp', 'viral', 'id']",2026-09-20 14:14:19.196280+00:00,TIKTOK_LIVE_FYP_FEED,Trending TikTok Short Trending TikTok Short,,trending tiktok short trending tiktok short,"trending, tiktok, short, trending, tiktok, short",6,"trending, tiktok, short, trending, tiktok, short",6,trending tiktok short trending tiktok short
tiktok,tt_7679831160968596756,richiegirlhervilla,@SLEEPY🥱,#makeuptranlationchallange,#makeuptranlationchallange,2026-08-30 14:27:17+00:00,13,1194640,69803,312,2973,['makeuptranlationchallange'],2026-09-20 14:14:19.196280+00:00,TIKTOK_LIVE_FYP_FEED,#makeuptranlationchallange #makeuptranlationchallange,"makeuptranlationchallange, makeuptranlationchallange",makeuptranlationchallange makeuptranlationchallange,"makeuptranlationchallange, makeuptranlationchallange",2,"makeuptranlationchallange, makeuptranlationchallange",2,makeuptranlationchallange makeuptranlationchallange
tiktok,tt_7686851513620270357,tiarashafly,@tiarashafly,sekarat bangat udh ini dompet 🥲 #betawi #pov #funnycouple #fyp #tiarashafly,sekarat bangat udh ini dompet 🥲 #betawi #pov #funnycouple #fyp #tiarashafly,2026-09-18 12:29:48+00:00,43,3085733,545037,1579,34564,"['betawi', 'pov', 'funnycouple', 'fyp', 'tiarashafly']",2026-09-20 14:14:19.196280+00:00,TIKTOK_LIVE_FYP_FEED,sekarat bangat udh ini dompet 🥲 #betawi #pov #funnycouple #fyp #tiarashafly sekarat bangat udh ini dompet 🥲 #betawi #pov #funnycouple #fyp #tiarashafly,"betawi, pov, funnycouple, fyp, tiarashafly, betawi, pov, funnycouple, fyp, tiarashafly",sekarat bangat udh ini dompet betawi pov funnycouple fyp tiarashafly sekarat bangat udh ini dompet betawi pov funnycouple fyp tiarashafly,"sekarat, bangat, udh, ini, dompet, betawi, pov, funnycouple, fyp, tiarashafly, sekarat, bangat, udh, ini, dompet, betawi, pov, funnycouple, fyp, tiarashafly",20,"sekarat, bangat, udh, dompet, betawi, pov, funnycouple, fyp, tiarashafly, sekarat, bangat, udh, dompet, betawi, pov, funnycouple, fyp, tiarashafly",18,sekarat bangat udh dompet betawi pov funnycouple fyp tiarashafly sekarat bangat udh dompet betawi pov funnycouple fyp tiarashafly
youtube,rPysfjP_NWg,UCz32jbRfwCGVXFZfHRoNPrQ,Wilitama,FILM PENDEK INSPIRATIF 1 MENIT - BATU,"20_ON_TRENDING remake versi Indonesia, ada banyak yg buat namun ide dari https://youtu.be/5hPtU8Jbpg0.",,59,1318003,65900,3954,0,"['shorts', 'viral', 'idekontenviralindonesia#shorts']",2026-09-26 13:11:17.474964+00:00,YOUTUBE_YTDLP_BROAD_SEARCH,"FILM PENDEK INSPIRATIF 1 MENIT - BATU 20_ON_TRENDING remake versi Indonesia, ada banyak yg buat namun ide dari https://youtu.be/5hPtU8Jbpg0.",,film pendek inspiratif 1 menit batu 20 on trending remake versi indonesia ada banyak yg buat namun ide dari,"film, pendek, inspiratif, menit, batu, on, trending, remake, versi, indonesia, ada, banyak, yg, buat, namun, ide, dari",17,"film, pendek, inspiratif, menit, batu, trending, remake, versi, indonesia, yg, ide",11,film pendek inspiratif menit batu trending remake versi indonesia yg ide
youtube,Bu3Mwiynhqg,UCtzXWdNdxmk0jghwiJLn6Fg,RANIA VLOGS 200K,XXL XXL XXL XXL FREESTYLE 2024 |XXL 2025 | Xxwd5000xa | XXL XXL XXL XXL FREESTYLES,XXL XXL XXL XXL FREESTYLE 2024 |XXL 2025 | Xxwd5000xa | XXL XXL XXL XXL FREESTYLES The hottest XXL freestyle is ...,,36,294929,14746,884,0,"['shorts', 'viral', 'shortsviralindonesia']",2026-09-26 13:56:55.731620+00:00,YOUTUBE_YTDLP_BROAD_SEARCH,XXL XXL XXL XXL FREESTYLE 2024 |XXL 2025 | Xxwd5000xa | XXL XXL XXL XXL FREESTYLES XXL XXL XXL XXL FREESTYLE 2024 |XXL 2025 | Xxwd5000xa | XXL XXL XXL XXL FREESTYLES The hottest XXL freestyle is ...,,xxl xxl xxl xxl freestyle 2024 xxl 2025 xxwd5000xa xxl xxl xxl xxl freestyles xxl xxl xxl xxl freestyle 2024 xxl 2025 xxwd5000xa xxl xxl xxl xxl freestyles the hottest xxl freestyle is,"xxl, xxl, xxl, xxl, freestyle, xxl, xxl, xxl, xxl, xxl, freestyles, xxl, xxl, xxl, xxl, freestyle, xxl, xxl, xxl, xxl, xxl, freestyles, the, hottest, xxl, freestyle, is",27,"xxl, xxl, xxl, xxl, freestyle, xxl, xxl, xxl, xxl, xxl, freestyles, xxl, xxl, xxl, xxl, freestyle, xxl, xxl, xxl, xxl, xxl, freestyles, hottest, xxl, freestyle",25,xxl xxl xxl xxl freestyle xxl xxl xxl xxl xxl freestyles xxl xxl xxl xxl freestyle xxl xxl xxl xxl xxl freestyles hottest xxl freestyle
youtube,KEpzLiu89oM,UC4ZKNYpSyt-BNHEcFf8iFTw,seputar sepak bola indonesia,PERALTA TERIMA PERSIB KARENA TIDAK ADA PILIHAN LAGI SELAIN BERMAIN KE BANDUNG UCAP BUNG HARPA!!,jangan lupa dukung chanel agar bisa membuat vidio menarik selanjutnya tentang seputar sepak bola indonesia #persib #trending #shorts #viral #football #cover #edit #sepakbola #persibbandung #persibday #bobotoh #briliga1 #liga1 #superleague #kabarpersib,2026-09-26 23:00:11+00:00,6,494808,878,191,0,"['sepak bola indonesia', 'seputar sepak bola', 'seputar timnas indonesia', 'sepak bola', 'timnas indo', 'timnas indonesia', 'seputar liga indonesia', 'liga indonesia', 'timnas garuda', 'seputar garuda', 'garuda muda', 'garuda indo', 'timnas indonesia senior', 'persib hari ini', 'persib', 'Persib', 'Persib terbaru', 'berita persib', 'berita persib hari ini', 'berita persib terbaru hari ini', 'persib bandung terbaru', 'persib bandun terkini', 'persib bandung hari ini', 'seputar persib']",2026-09-28 15:09:56.541998+00:00,YOUTUBE_API_VIRAL_SEARCH,PERALTA TERIMA PERSIB KARENA TIDAK ADA PILIHAN LAGI SELAIN BERMAIN KE BANDUNG UCAP BUNG HARPA!! jangan lupa dukung chanel agar bisa membuat vidio menarik selanjutnya tentang seputar sepak bola indonesia #persib #trending #shorts #viral #football #cover #edit #sepakbola #persibbandung #persibday #bobotoh #briliga1 #liga1 #superleague #kabarpersib,"persib, trending, shorts, viral, football, cover, edit, sepakbola, persibbandung, persibday, bobotoh, briliga1, liga1, superleague, kabarpersib",peralta terima persib karena tidak ada pilihan lagi selain bermain ke bandung ucap bung harpa jangan lupa dukung chanel agar bisa membuat vidio menarik selanjutnya tentang seputar sepak bola indonesia persib trending shorts viral football cover edit sepakbola persibbandung persibday bobotoh briliga1 liga1 superleague kabarpersib,"peralta, terima, persib, karena, tidak, ada, pilihan, lagi, selain, bermain, ke, bandung, ucap, bung, harpa, jangan, lupa, dukung, chanel, agar, bisa, membuat, vidio, menarik, selanjutnya, tentang, seputar, sepak, bola, indonesia, persib, trending, shorts, viral, football, cover, edit, sepakbola, persibbandung, persibday, bobotoh, superleague, kabarpersib",43,"peralta, terima, persib, pilihan, bermain, bandung, ucap, bung, harpa, lupa, dukung, chanel, vidio, menarik, seputar, sepak, bola, indonesia, persib, trending, shorts, viral, football, cover, edit, sepakbola, persibbandung, persibday, bobotoh, superleague, kabarpersib",31,peralta terima persib pilihan bermain bandung ucap bung harpa lupa dukung chanel vidio menarik seputar sepak bola indonesia persib trending shorts viral football cover edit sepakbola persibbandung persibday bobotoh superleague kabarpersib
youtube,WDXN7LfzQn4,UC5Qqjplzj-30Fz7vIOk7QuA,ariberita,bangga indonesia#prabowo#vira Ividio#youtubeshorts#viral#fyp#video#shorts.,,2026-09-28 08:00:16+00:00,5,150847,925,65,0,"['shorts', 'viral', 'shorts viral indonesia']",2026-09-28 15:09:56.541998+00:00,YOUTUBE_API_VIRAL_SEARCH,bangga indonesia#prabowo#vira Ividio#youtubeshorts#viral#fyp#video#shorts.,"prabowo, vira, youtubeshorts, viral, fyp, video, shorts",bangga indonesia prabowo vira ividio youtubeshorts viral fyp video shorts,"bangga, indonesia, prabowo, vira, ividio, youtubeshorts, viral, fyp, video, shorts",10,"bangga, indonesia, prabowo, vira, ividio, youtubeshorts, viral, fyp, video, shorts",10,bangga indonesia prabowo vira ividio youtubeshorts viral fyp video shorts
youtube,iJyTsk1VlOg,UCtzXWdNdxmk0jghwiJLn6Fg,RANIA VLOGS 200K,XXL XXL XXL XXL FREESTYLE 2024 |XXL 2025 | Xxwd5000xa | XXL XXL XXL XXL FREESTYLES,XXL XXL XXL XXL FREESTYLE 2024 |XXL 2025 | Xxwd5000xa | XXL XXL XXL XXL FREESTYLES The hottest XXL freestyle is ...,,35,154585,7729,463,0,"['shorts', 'viral', 'shortsviralindonesia']",2026-09-28 14:42:18.788148+00:00,YOUTUBE_YTDLP_BROAD_SEARCH,XXL XXL XXL XXL FREESTYLE 2024 |XXL 2025 | Xxwd5000xa | XXL XXL XXL XXL FREESTYLES XXL XXL XXL XXL FREESTYLE 2024 |XXL 2025 | Xxwd5000xa | XXL XXL XXL XXL FREESTYLES The hottest XXL freestyle is ...,,xxl xxl xxl xxl freestyle 2024 xxl 2025 xxwd5000xa xxl xxl xxl xxl freestyles xxl xxl xxl xxl freestyle 2024 xxl 2025 xxwd5000xa xxl xxl xxl xxl freestyles the hottest xxl freestyle is,"xxl, xxl, xxl, xxl, freestyle, xxl, xxl, xxl, xxl, xxl, freestyles, xxl, xxl, xxl, xxl, freestyle, xxl, xxl, xxl, xxl, xxl, freestyles, the, hottest, xxl, freestyle, is",27,"xxl, xxl, xxl, xxl, freestyle, xxl, xxl, xxl, xxl, xxl, freestyles, xxl, xxl, xxl, xxl, freestyle, xxl, xxl, xxl, xxl, xxl, freestyles, hottest, xxl, freestyle",25,xxl xxl xxl xxl freestyle xxl xxl xxl xxl xxl freestyles xxl xxl xxl xxl freestyle xxl xxl xxl xxl xxl freestyles hottest xxl freestyle
youtube,N5eW7ryjWHs,UCdek_kEkEp4u3IMfd9rZ--g,M K T VLOGS,XXL XXL XXL XXL FREESTYLE 2024 |XXL 2025 | Xxwd5000xa | XXL XXL XXL XXL FREESTYLES,XXL XXL XXL XXL FREESTYLE 2024 |XXL 2025 | Xxwd5000xa | XXL XXL XXL XXL FREESTYLES The hottest XXL freestyle is ...,,33,561447,28072,1684,0,"['shorts', 'viral', 'shortsviralindonesia']",2026-09-28 14:42:18.788148+00:00,YOUTUBE_YTDLP_BROAD_SEARCH,XXL XXL XXL XXL FREESTYLE 2024 |XXL 2025 | Xxwd5000xa | XXL XXL XXL XXL FREESTYLES XXL XXL XXL XXL FREESTYLE 2024 |XXL 2025 | Xxwd5000xa | XXL XXL XXL XXL FREESTYLES The hottest XXL freestyle is ...,,xxl xxl xxl xxl freestyle 2024 xxl 2025 xxwd5000xa xxl xxl xxl xxl freestyles xxl xxl xxl xxl freestyle 2024 xxl 2025 xxwd5000xa xxl xxl xxl xxl freestyles the hottest xxl freestyle is,"xxl, xxl, xxl, xxl, freestyle, xxl, xxl, xxl, xxl, xxl, freestyles, xxl, xxl, xxl, xxl, freestyle, xxl, xxl, xxl, xxl, xxl, freestyles, the, hottest, xxl, freestyle, is",27,"xxl, xxl, xxl, xxl, freestyle, xxl, xxl, xxl, xxl, xxl, freestyles, xxl, xxl, xxl, xxl, freestyle, xxl, xxl, xxl, xxl, xxl, freestyles, hottest, xxl, freestyle",25,xxl xxl xxl xxl freestyle xxl xxl xxl xxl xxl freestyles xxl xxl xxl xxl freestyle xxl xxl xxl xxl xxl freestyles hottest xxl freestyle
youtube,8YCUIMRt3cU,UC0PDovAfG07_dcQvlVtblOg,MNC Pictures,"TERIKAT JANJI TRAILER: DAVINA GAK TERIMA‼️ APA SENA BERHASIL JEBAK DIPA? - Arya Saloka, sha Assuncao","Tonton video menarik lainnya dari sinetron TERIKAT JANJI:

https://youtu.be/xQiS4gCzP9o
https://youtu.be/O54V4Ua8m9U
https://youtu.be/osOF9Pd2spA

#TerikatJanji #AryaSaloka #AshaAssuncao #FendyChow #YorikoAngeline #rcti #sinetronrcti #layardramarcti 

Streaming sekarang di rctiplus.com/tv/rcti",2026-09-28 04:41:21+00:00,25,109008,696,149,0,"['shorts', 'trending', 'region_id']",2026-09-28 14:52:34.992646+00:00,YOUTUBE_API_TRENDING_CHART,"TERIKAT JANJI TRAILER: DAVINA GAK TERIMA‼️ APA SENA BERHASIL JEBAK DIPA? - Arya Saloka, sha Assuncao Tonton video menarik lainnya dari sinetron TERIKAT JANJI:

https://youtu.be/xQiS4gCzP9o
https://youtu.be/O54V4Ua8m9U
https://youtu.be/osOF9Pd2spA

#TerikatJanji #AryaSaloka #AshaAssuncao #FendyChow #YorikoAngeline #rcti #sinetronrcti #layardramarcti 

Streaming sekarang di rctiplus.com/tv/rcti","terikatjanji, aryasaloka, ashaassuncao, fendychow, yorikoangeline, rcti, sinetronrcti, layardramarcti",terikat janji trailer davina gak terima apa sena berhasil jebak dipa arya saloka sha assuncao tonton video menarik lainnya dari sinetron terikat janji terikatjanji aryasaloka ashaassuncao fendychow yorikoangeline rcti sinetronrcti layardramarcti streaming sekarang di rctiplus com tv rcti,"terikat, janji, trailer, davina, gak, terima, apa, sena, berhasil, jebak, dipa, arya, saloka, sha, assuncao, tonton, video, menarik, lainnya, dari, sinetron, terikat, janji, terikatjanji, aryasaloka, ashaassuncao, fendychow, yorikoangeline, rcti, sinetronrcti, layardramarcti, streaming, sekarang, di, rctiplus, com, tv, rcti",38,"terikat, janji, trailer, davina, terima, sena, berhasil, jebak, dipa, arya, saloka, sha, assuncao, tonton, video, menarik, sinetron, terikat, janji, terikatjanji, aryasaloka, ashaassuncao, fendychow, yorikoangeline, rcti, sinetronrcti, layardramarcti, streaming, rctiplus, com, tv, rcti",32,terikat janji trailer davina terima sena berhasil jebak dipa arya saloka sha assuncao tonton video menarik sinetron terikat janji terikatjanji aryasaloka ashaassuncao fendychow yorikoangeline rcti sinetronrcti layardramarcti streaming rctiplus com tv rcti
youtube,aOJ3Oir8W3g,UCiB71WfruYvJ1DihS9ezGCA,Namaku Tak Biasa,"Orang Malaysia Bikin Malu, Yang DIhina Indonesia‼️ #reaksibule #shorts #viralvideo #namakutakbiasa","astrid s,astrid s lyrics,astrid,astrid smeplass,astri s,astrid s songs,astrid s live,astrid s lyric video,astri smeplass,astrid s dscvr,astrid lyrics,astrids,astri,astrid s hurts so good,astrid s vevo,lyrics astrid s,astrid s down low,astrid s two hands,two hands astrid s,yodeling astrid s,astrid s",2026-09-27 05:00:04+00:00,21,918031,13864,1441,0,"['shorts', 'viral', 'shorts viral indonesia']",2026-09-28 14:52:34.992646+00:00,YOUTUBE_API_VIRAL_SEARCH,"Orang Malaysia Bikin Malu, Yang DIhina Indonesia‼️ #reaksibule #shorts #viralvideo #namakutakbiasa astrid s,astrid s lyrics,astrid,astrid smeplass,astri s,astrid s songs,astrid s live,astrid s lyric video,astri smeplass,astrid s dscvr,astrid lyrics,astrids,astri,astrid s hurts so good,astrid s vevo,lyrics astrid s,astrid s down low,astrid s two hands,two hands astrid s,yodeling astrid s,astrid s","reaksibule, shorts, viralvideo, namakutakbiasa",orang malaysia bikin malu yang dihina indonesia reaksibule shorts viralvideo namakutakbiasa astrid s astrid s lyrics astrid astrid smeplass astri s astrid s songs astrid s live astrid s lyric video astri smeplass astrid s dscvr astrid lyrics astrids astri astrid s hurts so good astrid s vevo lyrics astrid s astrid s down low astrid s two hands two hands astrid s yodeling astrid s astrid s,"orang, malaysia, bikin, malu, yang, dihina, indonesia, reaksibule, shorts, viralvideo, namakutakbiasa, astrid, astrid, lyrics, astrid, astrid, smeplass, astri, astrid, songs, astrid, live, astrid, lyric, video, astri, smeplass, astrid, dscvr, astrid, lyrics, astrids, astri, astrid, hurts, so, good, astrid, vevo, lyrics, astrid, astrid, down, low, astrid, two, hands, two, hands, astrid, yodeling, astrid, astrid",53,"orang, malaysia, bikin, malu, dihina, indonesia, reaksibule, shorts, viralvideo, namakutakbiasa, astrid, astrid, lyrics, astrid, astrid, smeplass, astri, astrid, songs, astrid, live, astrid, lyric, video, astri, smeplass, astrid, dscvr, astrid, lyrics, astrids, astri, astrid, hurts, good, astrid, vevo, lyrics, astrid, astrid, low, astrid, two, hands, two, hands, astrid, yodeling, astrid, astrid",50,orang malaysia bikin malu dihina indonesia reaksibule shorts viralvideo namakutakbiasa astrid astrid lyrics astrid astrid smeplass astri astrid songs astrid live astrid lyric video astri smeplass astrid dscvr astrid lyrics astrids astri astrid hurts good astrid vevo lyrics astrid astrid low astrid two hands two hands astrid yodeling astrid astrid
youtube,q1EV6CF3ASA,UCW7hPGI0t9CazgGtHYmmuDg,ChopChop Play,Yang mana yang ngajak dia #shortindonesia #viralindonesia #trendindonesia,"Katanya sih…
👍 LIKE itu bensin video
💬 KOMENTAR itu turbo algoritma
🔁 SHARE itu jalan tol ke penonton baru 😄
Yuk ramaikan kolom komentar di awal upload, bantu Chop Chop Play melaju lebih kencang 🚀
#trending #shortvideo #trendingshorts #shorts #masukberanda #youtubeshorts",2026-09-27 05:00:31+00:00,6,940363,5791,42,0,"['shorts', 'viral', 'shorts viral indonesia']",2026-09-28 14:52:34.992646+00:00,YOUTUBE_API_VIRAL_SEARCH,"Yang mana yang ngajak dia #shortindonesia #viralindonesia #trendindonesia Katanya sih…
👍 LIKE itu bensin video
💬 KOMENTAR itu turbo algoritma
🔁 SHARE itu jalan tol ke penonton baru 😄
Yuk ramaikan kolom komentar di awal upload, bantu Chop Chop Play melaju lebih kencang 🚀
#trending #shortvideo #trendingshorts #shorts #masukberanda #youtubeshorts","shortindonesia, viralindonesia, trendindonesia, trending, shortvideo, trendingshorts, shorts, masukberanda, youtubeshorts",yang mana yang ngajak dia shortindonesia viralindonesia trendindonesia katanya sih like itu bensin video komentar itu turbo algoritma share itu jalan tol ke penonton baru yuk ramaikan kolom komentar di awal upload bantu chop chop play melaju lebih kencang trending shortvideo trendingshorts shorts masukberanda youtubeshorts,"yang, mana, yang, ngajak, dia, shortindonesia, viralindonesia, trendindonesia, katanya, sih, like, itu, bensin, video, komentar, itu, turbo, algoritma, share, itu, jalan, tol, ke, penonton, baru, yuk, ramaikan, kolom, komentar, di, awal, upload, bantu, chop, chop, play, melaju, lebih, kencang, trending, shortvideo, trendingshorts, shorts, masukberanda, youtubeshorts",45,"ngajak, shortindonesia, viralindonesia, trendindonesia, sih, like, bensin, video, komentar, turbo, algoritma, share, jalan, tol, penonton, ramaikan, kolom, komentar, upload, bantu, chop, chop, play, melaju, kencang, trending, shortvideo, trendingshorts, shorts, masukberanda, youtubeshorts",31,ngajak shortindonesia viralindonesia trendindonesia sih like bensin video komentar turbo algoritma share jalan tol penonton ramaikan kolom komentar upload bantu chop chop play melaju kencang trending shortvideo trendingshorts shorts masukberanda youtubeshorts
youtube,ptHlgEQ907I,UCOO0QH2A0KsmvitEEaO_mgg,Kumpulan Tiktokers,Indonesia Nih Bos #viral #trending #shorts,"Terlihat Beberapa Pria Sedang Mengikuti Miss Di Sebuah Acara Berbagai Belahan Negara 
Salah Satu Nya Indonesia 

Ketika Indonesia Menjadi Salah Satu Juara 
Menjadi Pria Tertampan Di Dunia
Terlihat Reaksi Kontestan Yang Lain 
Dengan Reaksi Kagum Dan Terheran 
Seketika Mereka Pun Bertepuk Tangan 

Wah",2026-09-28 03:08:27+00:00,11,1189278,18491,448,0,"['shorts', 'viral', 'shorts viral indonesia']",2026-09-28 14:52:34.992646+00:00,YOUTUBE_API_VIRAL_SEARCH,"Indonesia Nih Bos #viral #trending #shorts Terlihat Beberapa Pria Sedang Mengikuti Miss Di Sebuah Acara Berbagai Belahan Negara 
Salah Satu Nya Indonesia 

Ketika Indonesia Menjadi Salah Satu Juara 
Menjadi Pria Tertampan Di Dunia
Terlihat Reaksi Kontestan Yang Lain 
Dengan Reaksi Kagum Dan Terheran 
Seketika Mereka Pun Bertepuk Tangan 

Wah","viral, trending, shorts",indonesia nih bos viral trending shorts terlihat beberapa pria sedang mengikuti miss di sebuah acara berbagai belahan negara salah satu nya indonesia ketika indonesia menjadi salah satu juara menjadi pria tertampan di dunia terlihat reaksi kontestan yang lain dengan reaksi kagum dan terheran seketika mereka pun bertepuk tangan wah,"indonesia, nih, bos, viral, trending, shorts, terlihat, beberapa, pria, sedang, mengikuti, miss, di, sebuah, acara, berbagai, belahan, negara, salah, satu, nya, indonesia, ketika, indonesia, menjadi, salah, satu, juara, menjadi, pria, tertampan, di, dunia, terlihat, reaksi, kontestan, yang, lain, dengan, reaksi, kagum, dan, terheran, seketika, mereka, pun, bertepuk, tangan, wah",49,"indonesia, bos, viral, trending, shorts, pria, mengikuti, miss, acara, belahan, negara, salah, nya, indonesia, indonesia, salah, juara, pria, tertampan, dunia, reaksi, kontestan, reaksi, kagum, terheran, bertepuk, tangan",27,indonesia bos viral trending shorts pria mengikuti miss acara belahan negara salah nya indonesia indonesia salah juara pria tertampan dunia reaksi kontestan reaksi kagum terheran bertepuk tangan
youtube,OhKUDUEmGBA,UCIC6UhALC3FE1L9nc6pK6OA,Ahmad news,bangga indonesia#prabowo#viraIvidio#youtubeshorts#viral#fyp#vidio#shorts#beranda,,2026-09-27 07:00:05+00:00,6,591070,3116,152,0,"['shorts', 'viral', 'shorts viral indonesia']",2026-09-28 14:52:34.992646+00:00,YOUTUBE_API_VIRAL_SEARCH,bangga indonesia#prabowo#viraIvidio#youtubeshorts#viral#fyp#vidio#shorts#beranda,"prabowo, viraividio, youtubeshorts, viral, fyp, vidio, shorts, beranda",bangga indonesia prabowo viraividio youtubeshorts viral fyp vidio shorts beranda,"bangga, indonesia, prabowo, viraividio, youtubeshorts, viral, fyp, vidio, shorts, beranda",10,"bangga, indonesia, prabowo, viraividio, youtubeshorts, viral, fyp, vidio, shorts, beranda",10,bangga indonesia prabowo viraividio youtubeshorts viral fyp vidio shorts beranda
youtube,uV3aXCWipxY,UCK2ocX2uFySWAoQKVTbjg2w,Main Bola,Balasan Epic Justin Hubner Kepada Netizen Dan Pemain Singapura,"Jangan Remehkan Justin Hubner! Jawabannya Langsung di Lapangan! Justin Hubner, Justin Hubner Timnas Indonesia, Justin Hubner vs Singapura, Justin Hubner Singapura, Timnas Indonesia, Indonesia vs Singapura, FIFA ASEAN Cup, pemain Singapura provokasi Justin Hubner, Justin Hubner diprovokasi, Justin Hu",2026-09-27 07:04:07+00:00,39,527417,8629,108,0,"['Jangan Remehkan Justin Hubner! Jawabannya Langsung di Lapangan! Justin Hubner', 'Justin Hubner Timnas Indonesia', 'Justin Hubner vs Singapura', 'Justin Hubner Singapura', 'Timnas Indonesia', 'Indonesia vs Singapura', 'FIFA ASEAN Cup', 'pemain Singapura provokasi Justin Hubner', 'Justin Hubner diprovokasi', 'Justin Hubner dihina netizen Singapura', 'aksi Justin Hubner', 'reaksi Justin Hubner', 'bek Timnas Indonesia', 'berita Timnas Indonesia', 'Timnas terbaru', 'sepak bola Indonesia', 'Justin Hubner terbaru']",2026-09-28 14:52:34.992646+00:00,YOUTUBE_API_VIRAL_SEARCH,"Balasan Epic Justin Hubner Kepada Netizen Dan Pemain Singapura Jangan Remehkan Justin Hubner! Jawabannya Langsung di Lapangan! Justin Hubner, Justin Hubner Timnas Indonesia, Justin Hubner vs Singapura, Justin Hubner Singapura, Timnas Indonesia, Indonesia vs Singapura, FIFA ASEAN Cup, pemain Singapura provokasi Justin Hubner, Justin Hubner diprovokasi, Justin Hu",,balasan epic justin hubner kepada netizen dan pemain singapura jangan remehkan justin hubner jawabannya langsung di lapangan justin hubner justin hubner timnas indonesia justin hubner vs singapura justin hubner singapura timnas indonesia indonesia vs singapura fifa asean cup pemain singapura provokasi justin hubner justin hubner diprovokasi justin hu,"balasan, epic, justin, hubner, kepada, netizen, dan, pemain, singapura, jangan, remehkan, justin, hubner, jawabannya, langsung, di, lapangan, justin, hubner, justin, hubner, timnas, indonesia, justin, hubner, vs, singapura, justin, hubner, singapura, timnas, indonesia, indonesia, vs, singapura, fifa, asean, cup, pemain, singapura, provokasi, justin, hubner, justin, hubner, diprovokasi, justin, hu",48,"balasan, epic, justin, hubner, netizen, pemain, singapura, remehkan, justin, hubner, jawabannya, langsung, lapangan, justin, hubner, justin, hubner, timnas, indonesia, justin, hubner, vs, singapura, justin, hubner, singapura, timnas, indonesia, indonesia, vs, singapura, fifa, asean, cup, pemain, singapura, provokasi, justin, hubner, justin, hubner, diprovokasi, justin, hu",44,balasan epic justin hubner netizen pemain singapura remehkan justin hubner jawabannya langsung lapangan justin hubner justin hubner timnas indonesia justin hubner vs singapura justin hubner singapura timnas indonesia indonesia vs singapura fifa asean cup pemain singapura provokasi justin hubner justin hubner diprovokasi justin hu
youtube,o1D7V8WI5rI,UCBmX4KGBaZF687EP9YXYFIQ,Lembaga Politik,🇮🇩BANGGA INDONESIA! #prabowo #viralvideo #youtubeshorts #viral #video #fyp #viralshorts #shorts,,2026-09-28 03:07:07+00:00,5,415951,891,232,0,"['shorts', 'viral', 'shorts viral indonesia']",2026-09-28 14:52:34.992646+00:00,YOUTUBE_API_VIRAL_SEARCH,🇮🇩BANGGA INDONESIA! #prabowo #viralvideo #youtubeshorts #viral #video #fyp #viralshorts #shorts,"prabowo, viralvideo, youtubeshorts, viral, video, fyp, viralshorts, shorts",bangga indonesia prabowo viralvideo youtubeshorts viral video fyp viralshorts shorts,"bangga, indonesia, prabowo, viralvideo, youtubeshorts, viral, video, fyp, viralshorts, shorts",10,"bangga, indonesia, prabowo, viralvideo, youtubeshorts, viral, video, fyp, viralshorts, shorts",10,bangga indonesia prabowo viralvideo youtubeshorts viral video fyp viralshorts shorts
youtube,PxN36VFzyiE,UCIC6UhALC3FE1L9nc6pK6OA,Ahmad news,bangga indonesia#prabowo#viraIvidio#youtubeshorts#viral#fyp#vidio#shorts#beranda,,2026-09-26 23:00:14+00:00,6,349168,1884,197,0,"['shorts', 'viral', 'shorts viral indonesia']",2026-09-28 14:52:34.992646+00:00,YOUTUBE_API_VIRAL_SEARCH,bangga indonesia#prabowo#viraIvidio#youtubeshorts#viral#fyp#vidio#shorts#beranda,"prabowo, viraividio, youtubeshorts, viral, fyp, vidio, shorts, beranda",bangga indonesia prabowo viraividio youtubeshorts viral fyp vidio shorts beranda,"bangga, indonesia, prabowo, viraividio, youtubeshorts, viral, fyp, vidio, shorts, beranda",10,"bangga, indonesia, prabowo, viraividio, youtubeshorts, viral, fyp, vidio, shorts, beranda",10,bangga indonesia prabowo viraividio youtubeshorts viral fyp vidio shorts beranda
youtube,F5-d6rppZMk,UCZLkr3upsNEcywFHa2tT3rA,MehawTheCatz,😱‼️ Layangan Raksasa Terbesar di Dunia! 😱🔥 ADA INDONESIA! 🇮🇩 #shorts #shortvideo,"3 Layangan Raksasa Terbesar di Dunia! 😱🔥 ADA INDONESIA! 🇮🇩

Pernah lihat layangan sebesar ini? Tiga layangan raksasa berbentuk naga ini terlihat sangat spektakuler saat diterbangkan. Yang lebih mengejutkan, Indonesia juga ada! Saksikan sampai akhir untuk melihat layangan raksasa yang ukurannya benar",2026-09-26 23:00:09+00:00,44,141795,6617,208,0,"['shorts', 'viral', 'shorts viral indonesia']",2026-09-28 14:52:34.992646+00:00,YOUTUBE_API_VIRAL_SEARCH,"😱‼️ Layangan Raksasa Terbesar di Dunia! 😱🔥 ADA INDONESIA! 🇮🇩 #shorts #shortvideo 3 Layangan Raksasa Terbesar di Dunia! 😱🔥 ADA INDONESIA! 🇮🇩

Pernah lihat layangan sebesar ini? Tiga layangan raksasa berbentuk naga ini terlihat sangat spektakuler saat diterbangkan. Yang lebih mengejutkan, Indonesia juga ada! Saksikan sampai akhir untuk melihat layangan raksasa yang ukurannya benar","shorts, shortvideo",layangan raksasa terbesar di dunia ada indonesia shorts shortvideo 3 layangan raksasa terbesar di dunia ada indonesia pernah lihat layangan sebesar ini tiga layangan raksasa berbentuk naga ini terlihat sangat spektakuler saat diterbangkan yang lebih mengejutkan indonesia juga ada saksikan sampai akhir untuk melihat layangan raksasa yang ukurannya benar,"layangan, raksasa, terbesar, di, dunia, ada, indonesia, shorts, shortvideo, layangan, raksasa, terbesar, di, dunia, ada, indonesia, pernah, lihat, layangan, sebesar, ini, tiga, layangan, raksasa, berbentuk, naga, ini, terlihat, sangat, spektakuler, saat, diterbangkan, yang, lebih, mengejutkan, indonesia, juga, ada, saksikan, sampai, akhir, untuk, melihat, layangan, raksasa, yang, ukurannya, benar",48,"layangan, raksasa, terbesar, dunia, indonesia, shorts, shortvideo, layangan, raksasa, terbesar, dunia, indonesia, layangan, tiga, layangan, raksasa, berbentuk, naga, spektakuler, diterbangkan, mengejutkan, indonesia, saksikan, untuk, layangan, raksasa, ukurannya",27,layangan raksasa terbesar dunia indonesia shorts shortvideo layangan raksasa terbesar dunia indonesia layangan tiga layangan raksasa berbentuk naga spektakuler diterbangkan mengejutkan indonesia saksikan untuk layangan raksasa ukurannya
youtube,R4Tj4GlkgZM,UCIC6UhALC3FE1L9nc6pK6OA,Ahmad news,bangga indonesia#prabowo#viraIvidio#youtubeshorts#viral#fyp#vidio#shorts#beranda,,2026-09-27 05:00:31+00:00,6,365780,521,17,0,"['shorts', 'viral', 'shorts viral indonesia']",2026-09-28 14:52:34.992646+00:00,YOUTUBE_API_VIRAL_SEARCH,bangga indonesia#prabowo#viraIvidio#youtubeshorts#viral#fyp#vidio#shorts#beranda,"prabowo, viraividio, youtubeshorts, viral, fyp, vidio, shorts, beranda",bangga indonesia prabowo viraividio youtubeshorts viral fyp vidio shorts beranda,"bangga, indonesia, prabowo, viraividio, youtubeshorts, viral, fyp, vidio, shorts, beranda",10,"bangga, indonesia, prabowo, viraividio, youtubeshorts, viral, fyp, vidio, shorts, beranda",10,bangga indonesia prabowo viraividio youtubeshorts viral fyp vidio shorts beranda
youtube,C1_JVwHPZ-c,UCMZ7RDTqONcSpxnDIREh-Tw,Lahan Rakyat,MAK-MAK SEROK IKAN DI TENGAH HUTAN?! 😱🐟 #shorts,"Kolam di tengah hutan ternyata menyimpan kejutan! 😱 Di sela lumpur dan kayu gelondongan, ikan-ikan justru bersembunyi. Lihat hasil serokannya! 🐟🔥

#shorts #viral #fishing #fish #ikan #mancing #fishinglife #nature #wildfishing #indonesia #viralshorts",2026-09-28 00:00:34+00:00,19,169367,486,4,0,"['shorts', 'viral', 'shorts viral indonesia']",2026-09-28 14:52:34.992646+00:00,YOUTUBE_API_VIRAL_SEARCH,"MAK-MAK SEROK IKAN DI TENGAH HUTAN?! 😱🐟 #shorts Kolam di tengah hutan ternyata menyimpan kejutan! 😱 Di sela lumpur dan kayu gelondongan, ikan-ikan justru bersembunyi. Lihat hasil serokannya! 🐟🔥

#shorts #viral #fishing #fish #ikan #mancing #fishinglife #nature #wildfishing #indonesia #viralshorts","shorts, shorts, viral, fishing, fish, ikan, mancing, fishinglife, nature, wildfishing, indonesia, viralshorts",mak mak serok ikan di tengah hutan shorts kolam di tengah hutan ternyata menyimpan kejutan di sela lumpur dan kayu gelondongan ikan ikan justru bersembunyi lihat hasil serokannya shorts viral fishing fish ikan mancing fishinglife nature wildfishing indonesia viralshorts,"mak, mak, serok, ikan, di, tengah, hutan, shorts, kolam, di, tengah, hutan, ternyata, menyimpan, kejutan, di, sela, lumpur, dan, kayu, gelondongan, ikan, ikan, justru, bersembunyi, lihat, hasil, serokannya, shorts, viral, fishing, fish, ikan, mancing, fishinglife, nature, wildfishing, indonesia, viralshorts",39,"mak, mak, serok, ikan, hutan, shorts, kolam, hutan, menyimpan, kejutan, lumpur, kayu, gelondongan, ikan, ikan, bersembunyi, hasil, serokannya, shorts, viral, fishing, fish, ikan, mancing, fishinglife, nature, wildfishing, indonesia, viralshorts",29,mak mak serok ikan hutan shorts kolam hutan menyimpan kejutan lumpur kayu gelondongan ikan ikan bersembunyi hasil serokannya shorts viral fishing fish ikan mancing fishinglife nature wildfishing indonesia viralshorts
youtube,iSNfs_ELNNc,UC-wwDUqsVXitx0R329VbBsg,Syaira Official,TEH HIJAU-TULUS  💚 | Beautiful Indonesian Song Cover 🎶 | SYAIRA Official #Shorts,"📌 A beautiful moment from Teh Hijau 🍵🎶
Enjoy this Indonesian song cover by SYAIRA Official and discover amazing music from Indonesia! 🇮🇩🌍
Which part do you like the most? 💚
Comment below! 👇
Subscribe to SYAIRA Official for more viral song covers and music from Indonesia. 🎤✨
#TehHijau #SyairaOfficial",2026-09-27 05:00:00+00:00,36,126432,1237,43,0,"['teh hijau', 'syaira official', 'teh hijau cover', 'indonesian song', 'indonesia music', 'viral song', 'song cover', 'cover song', 'shorts', 'youtube shorts', 'viral music', 'trending song', 'female singer', 'music shorts', 'international audience']",2026-09-28 14:52:34.992646+00:00,YOUTUBE_API_VIRAL_SEARCH,"TEH HIJAU-TULUS  💚 | Beautiful Indonesian Song Cover 🎶 | SYAIRA Official #Shorts 📌 A beautiful moment from Teh Hijau 🍵🎶
Enjoy this Indonesian song cover by SYAIRA Official and discover amazing music from Indonesia! 🇮🇩🌍
Which part do you like the most? 💚
Comment below! 👇
Subscribe to SYAIRA Official for more viral song covers and music from Indonesia. 🎤✨
#TehHijau #SyairaOfficial","shorts, tehhijau, syairaofficial",teh hijau tulus beautiful indonesian song cover syaira official shorts a beautiful moment from teh hijau enjoy this indonesian song cover by syaira official and discover amazing music from indonesia which part do you like the most comment below subscribe to syaira official for more viral song covers and music from indonesia tehhijau syairaofficial,"teh, hijau, tulus, beautiful, indonesian, song, cover, syaira, official, shorts, beautiful, moment, from, teh, hijau, enjoy, this, indonesian, song, cover, by, syaira, official, and, discover, amazing, music, from, indonesia, which, part, do, you, like, the, most, comment, below, subscribe, to, syaira, official, for, more, viral, song, covers, and, music, from, indonesia, tehhijau, syairaofficial",53,"teh, hijau, tulus, beautiful, indonesian, song, cover, syaira, official, shorts, beautiful, moment, teh, hijau, enjoy, indonesian, song, cover, syaira, official, discover, amazing, music, indonesia, part, like, comment, subscribe, syaira, official, viral, song, covers, music, indonesia, tehhijau, syairaofficial",37,teh hijau tulus beautiful indonesian song cover syaira official shorts beautiful moment teh hijau enjoy indonesian song cover syaira official discover amazing music indonesia part like comment subscribe syaira official viral song covers music indonesia tehhijau syairaofficial
youtube,mxIagRJxxqI,UCXdUhydgMT58UHScG83cnQg,Kata Bule,BULE INI JADI SEDIH PARAH GARA² PULANG DARI INDO 😭 #reaksibule #shorts #viralvideo,"astrid s, astrid s lyrics, astrid, astrid smeplass, astrid s songs, astrid s live, astrid s lyric video, astri smeplass, astrid s dscvr, astrid lyrics, astrids, astri, astrid s hurts so good, astrid s vevo, lyrics astrid s, astrid s down low, astrid s two hands, two hands astrid s, yodeling astrid s",2026-09-27 11:00:07+00:00,29,184753,1498,20,0,"['#reaksibule', '#shorts', '#viralvideo']",2026-09-28 14:52:34.992646+00:00,YOUTUBE_API_VIRAL_SEARCH,"BULE INI JADI SEDIH PARAH GARA² PULANG DARI INDO 😭 #reaksibule #shorts #viralvideo astrid s, astrid s lyrics, astrid, astrid smeplass, astrid s songs, astrid s live, astrid s lyric video, astri smeplass, astrid s dscvr, astrid lyrics, astrids, astri, astrid s hurts so good, astrid s vevo, lyrics astrid s, astrid s down low, astrid s two hands, two hands astrid s, yodeling astrid s","reaksibule, shorts, viralvideo",bule ini jadi sedih parah gara² pulang dari indo reaksibule shorts viralvideo astrid s astrid s lyrics astrid astrid smeplass astrid s songs astrid s live astrid s lyric video astri smeplass astrid s dscvr astrid lyrics astrids astri astrid s hurts so good astrid s vevo lyrics astrid s astrid s down low astrid s two hands two hands astrid s yodeling astrid s,"bule, ini, jadi, sedih, parah, pulang, dari, indo, reaksibule, shorts, viralvideo, astrid, astrid, lyrics, astrid, astrid, smeplass, astrid, songs, astrid, live, astrid, lyric, video, astri, smeplass, astrid, dscvr, astrid, lyrics, astrids, astri, astrid, hurts, so, good, astrid, vevo, lyrics, astrid, astrid, down, low, astrid, two, hands, two, hands, astrid, yodeling, astrid",51,"bule, sedih, parah, indo, reaksibule, shorts, viralvideo, astrid, astrid, lyrics, astrid, astrid, smeplass, astrid, songs, astrid, live, astrid, lyric, video, astri, smeplass, astrid, dscvr, astrid, lyrics, astrids, astri, astrid, hurts, good, astrid, vevo, lyrics, astrid, astrid, low, astrid, two, hands, two, hands, astrid, yodeling, astrid",45,bule sedih parah indo reaksibule shorts viralvideo astrid astrid lyrics astrid astrid smeplass astrid songs astrid live astrid lyric video astri smeplass astrid dscvr astrid lyrics astrids astri astrid hurts good astrid vevo lyrics astrid astrid low astrid two hands two hands astrid yodeling astrid
youtube,YhLxBoKtJwg,UCq9id4zmlgeiB-dPRppqBtg,BERiTA,🇮🇩BANGGA INDONESIA #viralvideo #shorts #prabowo #tni #beritaterkini #fyp #kopassus #viral,,2026-09-27 05:00:32+00:00,4,251037,316,140,0,"['shorts', 'viral', 'shorts viral indonesia']",2026-09-28 14:52:34.992646+00:00,YOUTUBE_API_VIRAL_SEARCH,🇮🇩BANGGA INDONESIA #viralvideo #shorts #prabowo #tni #beritaterkini #fyp #kopassus #viral,"viralvideo, shorts, prabowo, tni, beritaterkini, fyp, kopassus, viral",bangga indonesia viralvideo shorts prabowo tni beritaterkini fyp kopassus viral,"bangga, indonesia, viralvideo, shorts, prabowo, tni, beritaterkini, fyp, kopassus, viral",10,"bangga, indonesia, viralvideo, shorts, prabowo, tni, beritaterkini, fyp, kopassus, viral",10,bangga indonesia viralvideo shorts prabowo tni beritaterkini fyp kopassus viral
youtube,iWyq44fPuTg,UCIC6UhALC3FE1L9nc6pK6OA,Ahmad news,bangga indonesia#prabowo#viraIvidio#youtubeshorts#viral#fyp#vidio#shorts#beranda,,2026-09-27 23:00:27+00:00,6,216797,1205,69,0,"['shorts', 'viral', 'shorts viral indonesia']",2026-09-28 14:52:34.992646+00:00,YOUTUBE_API_VIRAL_SEARCH,bangga indonesia#prabowo#viraIvidio#youtubeshorts#viral#fyp#vidio#shorts#beranda,"prabowo, viraividio, youtubeshorts, viral, fyp, vidio, shorts, beranda",bangga indonesia prabowo viraividio youtubeshorts viral fyp vidio shorts beranda,"bangga, indonesia, prabowo, viraividio, youtubeshorts, viral, fyp, vidio, shorts, beranda",10,"bangga, indonesia, prabowo, viraividio, youtubeshorts, viral, fyp, vidio, shorts, beranda",10,bangga indonesia prabowo viraividio youtubeshorts viral fyp vidio shorts beranda
youtube,Fs8EVy70Lnk,UCIC6UhALC3FE1L9nc6pK6OA,Ahmad news,bangga indonesia#prabowo#viraIvidio#youtubeshorts#viral#fyp#vidio#shorts#beranda,,2026-09-27 11:00:33+00:00,6,247594,770,40,0,"['shorts', 'viral', 'shorts viral indonesia']",2026-09-28 14:52:34.992646+00:00,YOUTUBE_API_VIRAL_SEARCH,bangga indonesia#prabowo#viraIvidio#youtubeshorts#viral#fyp#vidio#shorts#beranda,"prabowo, viraividio, youtubeshorts, viral, fyp, vidio, shorts, beranda",bangga indonesia prabowo viraividio youtubeshorts viral fyp vidio shorts beranda,"bangga, indonesia, prabowo, viraividio, youtubeshorts, viral, fyp, vidio, shorts, beranda",10,"bangga, indonesia, prabowo, viraividio, youtubeshorts, viral, fyp, vidio, shorts, beranda",10,bangga indonesia prabowo viraividio youtubeshorts viral fyp vidio shorts beranda
youtube,5XgY8eU_yAw,UCBmX4KGBaZF687EP9YXYFIQ,Lembaga Politik,🇮🇩BANGGA INDONESIA! #prabowo #viralvideo #youtubeshorts #viral #video #fyp #viralshorts #shorts,,2026-09-27 01:07:34+00:00,5,201326,566,212,0,"['shorts', 'viral', 'shorts viral indonesia']",2026-09-28 14:52:34.992646+00:00,YOUTUBE_API_VIRAL_SEARCH,🇮🇩BANGGA INDONESIA! #prabowo #viralvideo #youtubeshorts #viral #video #fyp #viralshorts #shorts,"prabowo, viralvideo, youtubeshorts, viral, video, fyp, viralshorts, shorts",bangga indonesia prabowo viralvideo youtubeshorts viral video fyp viralshorts shorts,"bangga, indonesia, prabowo, viralvideo, youtubeshorts, viral, video, fyp, viralshorts, shorts",10,"bangga, indonesia, prabowo, viralvideo, youtubeshorts, viral, video, fyp, viralshorts, shorts",10,bangga indonesia prabowo viralvideo youtubeshorts viral video fyp viralshorts shorts
youtube,IS0PTkOijts,UCK2ocX2uFySWAoQKVTbjg2w,Main Bola,"Dikejar Thom Haye, Pemain Singapura Sampai Lari Terbirit-birit!","Thom Haye, Thom Haye Timnas Indonesia, Thom Haye Singapura, Thom Haye vs Singapura, Mang Toha, Timnas Indonesia, Indonesia vs Singapura, FIFA ASEAN Cup, pressing Thom Haye, aksi Thom Haye, Thom Haye tendangan bebas, Thom Haye penalti, pemain Singapura, pemain Singapura lari, pemain Singapura jatuh,",2026-09-27 11:36:12+00:00,32,140579,1252,21,0,"['Thom Haye', 'Thom Haye Timnas Indonesia', 'Thom Haye Singapura', 'Thom Haye vs Singapura', 'Mang Toha', 'Timnas Indonesia', 'Indonesia vs Singapura', 'FIFA ASEAN Cup', 'pressing Thom Haye', 'aksi Thom Haye', 'Thom Haye tendangan bebas', 'Thom Haye penalti', 'pemain Singapura', 'pemain Singapura lari', 'pemain Singapura jatuh', 'momen lucu Thom Haye', 'berita Timnas Indonesia', 'Timnas terbaru', 'sepak bola Indonesia', 'viral Timnas Indonesia']",2026-09-28 14:52:34.992646+00:00,YOUTUBE_API_VIRAL_SEARCH,"Dikejar Thom Haye, Pemain Singapura Sampai Lari Terbirit-birit! Thom Haye, Thom Haye Timnas Indonesia, Thom Haye Singapura, Thom Haye vs Singapura, Mang Toha, Timnas Indonesia, Indonesia vs Singapura, FIFA ASEAN Cup, pressing Thom Haye, aksi Thom Haye, Thom Haye tendangan bebas, Thom Haye penalti, pemain Singapura, pemain Singapura lari, pemain Singapura jatuh,",,dikejar thom haye pemain singapura sampai lari terbirit birit thom haye thom haye timnas indonesia thom haye singapura thom haye vs singapura mang toha timnas indonesia indonesia vs singapura fifa asean cup pressing thom haye aksi thom haye thom haye tendangan bebas thom haye penalti pemain singapura pemain singapura lari pemain singapura jatuh,"dikejar, thom, haye, pemain, singapura, sampai, lari, terbirit, birit, thom, haye, thom, haye, timnas, indonesia, thom, haye, singapura, thom, haye, vs, singapura, mang, toha, timnas, indonesia, indonesia, vs, singapura, fifa, asean, cup, pressing, thom, haye, aksi, thom, haye, thom, haye, tendangan, bebas, thom, haye, penalti, pemain, singapura, pemain, singapura, lari, pemain, singapura, jatuh",53,"dikejar, thom, haye, pemain, singapura, lari, terbirit, birit, thom, haye, thom, haye, timnas, indonesia, thom, haye, singapura, thom, haye, vs, singapura, mang, toha, timnas, indonesia, indonesia, vs, singapura, fifa, asean, cup, pressing, thom, haye, aksi, thom, haye, thom, haye, tendangan, bebas, thom, haye, penalti, pemain, singapura, pemain, singapura, lari, pemain, singapura, jatuh",52,dikejar thom haye pemain singapura lari terbirit birit thom haye thom haye timnas indonesia thom haye singapura thom haye vs singapura mang toha timnas indonesia indonesia vs singapura fifa asean cup pressing thom haye aksi thom haye thom haye tendangan bebas thom haye penalti pemain singapura pemain singapura lari pemain singapura jatuh
youtube,00jVktfYsJw,UCXdUhydgMT58UHScG83cnQg,Kata Bule,PAK BULE JADI CURIGA MULU TIAP ISTRI INDO NGASIH MAKANAN 😆 #reaksibule #shorts #viralvideo,"astrid s, astrid s lyrics, astrid, astrid smeplass, astrid s songs, astrid s live, astrid s lyric video, astri smeplass, astrid s dscvr, astrid lyrics, astrids, astri, astrid s hurts so good, astrid s vevo, lyrics astrid s, astrid s down low, astrid s two hands, two hands astrid s, yodeling astrid s",2026-09-27 03:00:12+00:00,29,123561,1065,6,0,"['#reaksibule', '#shorts', '#viralvideo']",2026-09-28 14:52:34.992646+00:00,YOUTUBE_API_VIRAL_SEARCH,"PAK BULE JADI CURIGA MULU TIAP ISTRI INDO NGASIH MAKANAN 😆 #reaksibule #shorts #viralvideo astrid s, astrid s lyrics, astrid, astrid smeplass, astrid s songs, astrid s live, astrid s lyric video, astri smeplass, astrid s dscvr, astrid lyrics, astrids, astri, astrid s hurts so good, astrid s vevo, lyrics astrid s, astrid s down low, astrid s two hands, two hands astrid s, yodeling astrid s","reaksibule, shorts, viralvideo",pak bule jadi curiga mulu tiap istri indo ngasih makanan reaksibule shorts viralvideo astrid s astrid s lyrics astrid astrid smeplass astrid s songs astrid s live astrid s lyric video astri smeplass astrid s dscvr astrid lyrics astrids astri astrid s hurts so good astrid s vevo lyrics astrid s astrid s down low astrid s two hands two hands astrid s yodeling astrid s,"pak, bule, jadi, curiga, mulu, tiap, istri, indo, ngasih, makanan, reaksibule, shorts, viralvideo, astrid, astrid, lyrics, astrid, astrid, smeplass, astrid, songs, astrid, live, astrid, lyric, video, astri, smeplass, astrid, dscvr, astrid, lyrics, astrids, astri, astrid, hurts, so, good, astrid, vevo, lyrics, astrid, astrid, down, low, astrid, two, hands, two, hands, astrid, yodeling, astrid",53,"bule, curiga, mulu, istri, indo, ngasih, makanan, reaksibule, shorts, viralvideo, astrid, astrid, lyrics, astrid, astrid, smeplass, astrid, songs, astrid, live, astrid, lyric, video, astri, smeplass, astrid, dscvr, astrid, lyrics, astrids, astri, astrid, hurts, good, astrid, vevo, lyrics, astrid, astrid, low, astrid, two, hands, two, hands, astrid, yodeling, astrid",48,bule curiga mulu istri indo ngasih makanan reaksibule shorts viralvideo astrid astrid lyrics astrid astrid smeplass astrid songs astrid live astrid lyric video astri smeplass astrid dscvr astrid lyrics astrids astri astrid hurts good astrid vevo lyrics astrid astrid low astrid two hands two hands astrid yodeling astrid
youtube,BFWiOWU7aPs,UCj0r3Qr3GCdQ0cCjm3EW2pw,Zio Trend,Kirain Bule Ketularan Indo 🤣 #tiktoktrend #fypシ #viralindonesia,"Dua orang lagi dance bareng, tapi yang bikin salfok malah salah satunya punya vibes blasteran 🤣
Awalnya dikira bule yang lagi ketularan vibes Indonesia 🇮🇩, apalagi pas kelihatan jaket dengan bendera merah putih 😭

Eh ternyata bukan cuma jago dance, tapi atlet SEA Games juga 🔥
Fix ini bukan sekadar d",2026-09-27 12:00:37+00:00,7,305132,3526,20,0,"['shorts', 'viral', 'shorts viral indonesia']",2026-09-28 14:52:34.992646+00:00,YOUTUBE_API_VIRAL_SEARCH,"Kirain Bule Ketularan Indo 🤣 #tiktoktrend #fypシ #viralindonesia Dua orang lagi dance bareng, tapi yang bikin salfok malah salah satunya punya vibes blasteran 🤣
Awalnya dikira bule yang lagi ketularan vibes Indonesia 🇮🇩, apalagi pas kelihatan jaket dengan bendera merah putih 😭

Eh ternyata bukan cuma jago dance, tapi atlet SEA Games juga 🔥
Fix ini bukan sekadar d","tiktoktrend, fypシ, viralindonesia",kirain bule ketularan indo tiktoktrend fypシ viralindonesia dua orang lagi dance bareng tapi yang bikin salfok malah salah satunya punya vibes blasteran awalnya dikira bule yang lagi ketularan vibes indonesia apalagi pas kelihatan jaket dengan bendera merah putih eh ternyata bukan cuma jago dance tapi atlet sea games juga fix ini bukan sekadar d,"kirain, bule, ketularan, indo, tiktoktrend, viralindonesia, dua, orang, lagi, dance, bareng, tapi, yang, bikin, salfok, malah, salah, satunya, punya, vibes, blasteran, awalnya, dikira, bule, yang, lagi, ketularan, vibes, indonesia, apalagi, pas, kelihatan, jaket, dengan, bendera, merah, putih, eh, ternyata, bukan, cuma, jago, dance, tapi, atlet, sea, games, juga, fix, ini, bukan, sekadar",52,"kirain, bule, ketularan, indo, tiktoktrend, viralindonesia, dua, orang, dance, bareng, bikin, salfok, salah, satunya, vibes, blasteran, dikira, bule, ketularan, vibes, indonesia, pas, jaket, bendera, merah, putih, eh, jago, dance, atlet, sea, games, fix",33,kirain bule ketularan indo tiktoktrend viralindonesia dua orang dance bareng bikin salfok salah satunya vibes blasteran dikira bule ketularan vibes indonesia pas jaket bendera merah putih eh jago dance atlet sea games fix
youtube,39YcqMHcVic,UCIC6UhALC3FE1L9nc6pK6OA,Ahmad news,bangga indonesia#prabowo#viraIvidio#youtubeshorts#viral#fyp#vidio#shorts#beranda,,2026-09-28 01:00:21+00:00,5,197174,1059,58,0,"['shorts', 'viral', 'shorts viral indonesia']",2026-09-28 14:52:34.992646+00:00,YOUTUBE_API_VIRAL_SEARCH,bangga indonesia#prabowo#viraIvidio#youtubeshorts#viral#fyp#vidio#shorts#beranda,"prabowo, viraividio, youtubeshorts, viral, fyp, vidio, shorts, beranda",bangga indonesia prabowo viraividio youtubeshorts viral fyp vidio shorts beranda,"bangga, indonesia, prabowo, viraividio, youtubeshorts, viral, fyp, vidio, shorts, beranda",10,"bangga, indonesia, prabowo, viraividio, youtubeshorts, viral, fyp, vidio, shorts, beranda",10,bangga indonesia prabowo viraividio youtubeshorts viral fyp vidio shorts beranda
youtube,fN_QaE8tOPk,UCIC6UhALC3FE1L9nc6pK6OA,Ahmad news,bangga indonesia#prabowo#viraIvidio#youtubeshorts#viral#fyp#vidio#shorts#beranda,,2026-09-27 01:00:22+00:00,6,181104,683,26,0,"['shorts', 'viral', 'shorts viral indonesia']",2026-09-28 14:52:34.992646+00:00,YOUTUBE_API_VIRAL_SEARCH,bangga indonesia#prabowo#viraIvidio#youtubeshorts#viral#fyp#vidio#shorts#beranda,"prabowo, viraividio, youtubeshorts, viral, fyp, vidio, shorts, beranda",bangga indonesia prabowo viraividio youtubeshorts viral fyp vidio shorts beranda,"bangga, indonesia, prabowo, viraividio, youtubeshorts, viral, fyp, vidio, shorts, beranda",10,"bangga, indonesia, prabowo, viraividio, youtubeshorts, viral, fyp, vidio, shorts, beranda",10,bangga indonesia prabowo viraividio youtubeshorts viral fyp vidio shorts beranda
youtube,TThSVHQxVqc,UCGzRTC8EKtwMFAeWlJSSJYw,SNS Studio - Reaksi Bule,INDONESIA SELAMATKAN HIDUP MBAK BULE INI #reaksibule #shorts #viralvideo,"reaksi bule, foreign reaction, expat reaction, bule di indonesia, orang asing ke indonesia, foreigner reacts indonesia, bule kaget indonesia, indonesia through foreign eyes, youtube shorts, shorts, youtube shorts indonesia, video pendek, youtube shorts viral, shorts viral, shorts indonesia, video vi",2026-09-27 13:30:28+00:00,54,120195,0,15,0,"['shorts', 'viral', 'shorts viral indonesia']",2026-09-28 14:52:34.992646+00:00,YOUTUBE_API_VIRAL_SEARCH,"INDONESIA SELAMATKAN HIDUP MBAK BULE INI #reaksibule #shorts #viralvideo reaksi bule, foreign reaction, expat reaction, bule di indonesia, orang asing ke indonesia, foreigner reacts indonesia, bule kaget indonesia, indonesia through foreign eyes, youtube shorts, shorts, youtube shorts indonesia, video pendek, youtube shorts viral, shorts viral, shorts indonesia, video vi","reaksibule, shorts, viralvideo",indonesia selamatkan hidup mbak bule ini reaksibule shorts viralvideo reaksi bule foreign reaction expat reaction bule di indonesia orang asing ke indonesia foreigner reacts indonesia bule kaget indonesia indonesia through foreign eyes youtube shorts shorts youtube shorts indonesia video pendek youtube shorts viral shorts viral shorts indonesia video vi,"indonesia, selamatkan, hidup, mbak, bule, ini, reaksibule, shorts, viralvideo, reaksi, bule, foreign, reaction, expat, reaction, bule, di, indonesia, orang, asing, ke, indonesia, foreigner, reacts, indonesia, bule, kaget, indonesia, indonesia, through, foreign, eyes, youtube, shorts, shorts, youtube, shorts, indonesia, video, pendek, youtube, shorts, viral, shorts, viral, shorts, indonesia, video, vi",49,"indonesia, selamatkan, hidup, mbak, bule, reaksibule, shorts, viralvideo, reaksi, bule, foreign, reaction, expat, reaction, bule, indonesia, orang, asing, indonesia, foreigner, reacts, indonesia, bule, kaget, indonesia, indonesia, foreign, eyes, youtube, shorts, shorts, youtube, shorts, indonesia, video, pendek, youtube, shorts, viral, shorts, viral, shorts, indonesia, video, vi",45,indonesia selamatkan hidup mbak bule reaksibule shorts viralvideo reaksi bule foreign reaction expat reaction bule indonesia orang asing indonesia foreigner reacts indonesia bule kaget indonesia indonesia foreign eyes youtube shorts shorts youtube shorts indonesia video pendek youtube shorts viral shorts viral shorts indonesia video vi
youtube,hycmecMccWM,UCBmX4KGBaZF687EP9YXYFIQ,Lembaga Politik,🇮🇩BANGGA INDONESIA! #prabowo #viralvideo #youtubeshorts #viral #video #fyp #viralshorts #shorts,,2026-09-27 03:07:33+00:00,5,139338,378,79,0,"['shorts', 'viral', 'shorts viral indonesia']",2026-09-28 14:52:34.992646+00:00,YOUTUBE_API_VIRAL_SEARCH,🇮🇩BANGGA INDONESIA! #prabowo #viralvideo #youtubeshorts #viral #video #fyp #viralshorts #shorts,"prabowo, viralvideo, youtubeshorts, viral, video, fyp, viralshorts, shorts",bangga indonesia prabowo viralvideo youtubeshorts viral video fyp viralshorts shorts,"bangga, indonesia, prabowo, viralvideo, youtubeshorts, viral, video, fyp, viralshorts, shorts",10,"bangga, indonesia, prabowo, viralvideo, youtubeshorts, viral, video, fyp, viralshorts, shorts",10,bangga indonesia prabowo viralvideo youtubeshorts viral video fyp viralshorts shorts
youtube,wjLyTarRhNE,UCpR-Y6LUBfdccBGpISkQ3Vg,Aim Berita,bangga indonesia#prabowo#vira Ividio#youtubeshorts#viral#fyp#vidio#shorts.,,2026-09-27 11:00:37+00:00,6,145860,759,68,0,"['shorts', 'viral', 'shorts viral indonesia']",2026-09-28 14:52:34.992646+00:00,YOUTUBE_API_VIRAL_SEARCH,bangga indonesia#prabowo#vira Ividio#youtubeshorts#viral#fyp#vidio#shorts.,"prabowo, vira, youtubeshorts, viral, fyp, vidio, shorts",bangga indonesia prabowo vira ividio youtubeshorts viral fyp vidio shorts,"bangga, indonesia, prabowo, vira, ividio, youtubeshorts, viral, fyp, vidio, shorts",10,"bangga, indonesia, prabowo, vira, ividio, youtubeshorts, viral, fyp, vidio, shorts",10,bangga indonesia prabowo vira ividio youtubeshorts viral fyp vidio shorts
youtube,h9WfBjHBjvw,UC6oYwZu4maNMlmo-G5-b_QQ,SERBA-SERBI,Bule kerja di Indomaret‼️ #shorts  #beritaviral,#shorts #youtubeshorts #shortsindonesia #videolucu #lucu #ngakak #kocak #humor #komedi #viral #viralindonesia #fyp #foryou #funny #funnyvideo #indomaret #bule,2026-09-27 07:56:17+00:00,10,317284,4127,45,0,"['shorts', 'viral', 'shorts ngakak viral indonesia']",2026-09-28 14:52:34.992646+00:00,YOUTUBE_API_VIRAL_SEARCH,Bule kerja di Indomaret‼️ #shorts  #beritaviral #shorts #youtubeshorts #shortsindonesia #videolucu #lucu #ngakak #kocak #humor #komedi #viral #viralindonesia #fyp #foryou #funny #funnyvideo #indomaret #bule,"shorts, beritaviral, shorts, youtubeshorts, shortsindonesia, videolucu, lucu, ngakak, kocak, humor, komedi, viral, viralindonesia, fyp, foryou, funny, funnyvideo, indomaret, bule",bule kerja di indomaret shorts beritaviral shorts youtubeshorts shortsindonesia videolucu lucu ngakak kocak humor komedi viral viralindonesia fyp foryou funny funnyvideo indomaret bule,"bule, kerja, di, indomaret, shorts, beritaviral, shorts, youtubeshorts, shortsindonesia, videolucu, lucu, ngakak, kocak, humor, komedi, viral, viralindonesia, fyp, foryou, funny, funnyvideo, indomaret, bule",23,"bule, kerja, indomaret, shorts, beritaviral, shorts, youtubeshorts, shortsindonesia, videolucu, lucu, ngakak, kocak, humor, komedi, viral, viralindonesia, fyp, foryou, funny, funnyvideo, indomaret, bule",22,bule kerja indomaret shorts beritaviral shorts youtubeshorts shortsindonesia videolucu lucu ngakak kocak humor komedi viral viralindonesia fyp foryou funny funnyvideo indomaret bule
youtube,jYbdU5jr9p0,UCDS5zT_GqRssTvtHY-s0IYQ,MR.MEMEZZZSSS,guru biologi orang paling jenius di dunia #shorts #meme #memes #memengakakkocak #kocak #lucu,"Gak perlu pusing baca buku tebal, Pak Xavier cuma butuh ketik angka sama huruf buat ngejelasin proses pembelahan sel secara instan! 😭🤣 Dari satu sel 'o' berubah jadi 'o o' visualisasi tingkat tinggi!   Siapa nih yang langsung paham biologi cuma gara-gara meme ini? 

Absen di kolom komentar! Jangan l",2026-09-27 10:15:20+00:00,7,105037,0,24,0,"['short', 'meme', 'biologi', 'lucu', 'ngakak', 'kocak', 'humor', 'relate', 'fyp', 'viral', 'youtube', 'indonesia', 'hiburan', 'trending', 'gokil', 'momen', 'ketawa', 'shorts', 'meme indonesia', 'meme kocak', 'shorts viral', 'shorts trending', 'meme terbaru', 'indonesia meme', 'kocak parah', 'meme lucu', 'video lucu', 'meme viral', 'video', 'komedi absurd', 'viral shorts', 'vidio lucu', 'bikin ngakak', 'video viral', 'absurd', 'tiktok lucu', 'komedi lucu', 'ketawa ngakak', 'tiktok', 'video lucu-lucu', 'comedy', 'lucu banget', 'lucu ngakak', 'funny shorts', 'memes', 'youtube shorts']",2026-09-28 14:52:34.992646+00:00,YOUTUBE_API_VIRAL_SEARCH,"guru biologi orang paling jenius di dunia #shorts #meme #memes #memengakakkocak #kocak #lucu Gak perlu pusing baca buku tebal, Pak Xavier cuma butuh ketik angka sama huruf buat ngejelasin proses pembelahan sel secara instan! 😭🤣 Dari satu sel 'o' berubah jadi 'o o' visualisasi tingkat tinggi!   Siapa nih yang langsung paham biologi cuma gara-gara meme ini? 

Absen di kolom komentar! Jangan l","shorts, meme, memes, memengakakkocak, kocak, lucu",guru biologi orang paling jenius di dunia shorts meme memes memengakakkocak kocak lucu gak perlu pusing baca buku tebal pak xavier cuma butuh ketik angka sama huruf buat ngejelasin proses pembelahan sel secara instan dari satu sel o berubah jadi o o visualisasi tingkat tinggi siapa nih yang langsung paham biologi cuma gara gara meme ini absen di kolom komentar jangan l,"guru, biologi, orang, paling, jenius, di, dunia, shorts, meme, memes, memengakakkocak, kocak, lucu, gak, perlu, pusing, baca, buku, tebal, pak, xavier, cuma, butuh, ketik, angka, sama, huruf, buat, ngejelasin, proses, pembelahan, sel, secara, instan, dari, satu, sel, berubah, jadi, visualisasi, tingkat, tinggi, siapa, nih, yang, langsung, paham, biologi, cuma, gara, gara, meme, ini, absen, di, kolom, komentar, jangan",58,"guru, biologi, orang, jenius, dunia, shorts, meme, memes, memengakakkocak, kocak, lucu, pusing, baca, buku, tebal, xavier, butuh, ketik, angka, huruf, ngejelasin, proses, pembelahan, sel, instan, sel, berubah, visualisasi, tingkat, tinggi, langsung, paham, biologi, gara, gara, meme, absen, kolom, komentar",39,guru biologi orang jenius dunia shorts meme memes memengakakkocak kocak lucu pusing baca buku tebal xavier butuh ketik angka huruf ngejelasin proses pembelahan sel instan sel berubah visualisasi tingkat tinggi langsung paham biologi gara gara meme absen kolom komentar
youtube,sRSxZAHAz0o,UCLoEdnmSnkIkuQY2EtIPBhQ,Abill puttee 💞,Ternyata Begini Caranya 😂😭  #shorts #lucu #viral #indonesia,"Siapa yang nggak bisa menahan tawa setelah melihat ini? 😂🤣 Tonton sampai akhir, dijamin bikin senyum dan ketawa sendiri! 😭😂

Jangan lupa Like 👍, Comment 💬, dan Subscribe ❤️ untuk video lucu lainnya!

#shorts #lucu #viral #indonesia #videolucu #fyp #fypindonesia #trending #ngakak #hiburan",2026-09-26 23:40:25+00:00,9,34261,206,1,0,['shorts'],2026-09-28 14:52:34.992646+00:00,YOUTUBE_API_VIRAL_SEARCH,"Ternyata Begini Caranya 😂😭  #shorts #lucu #viral #indonesia Siapa yang nggak bisa menahan tawa setelah melihat ini? 😂🤣 Tonton sampai akhir, dijamin bikin senyum dan ketawa sendiri! 😭😂

Jangan lupa Like 👍, Comment 💬, dan Subscribe ❤️ untuk video lucu lainnya!

#shorts #lucu #viral #indonesia #videolucu #fyp #fypindonesia #trending #ngakak #hiburan","shorts, lucu, viral, indonesia, shorts, lucu, viral, indonesia, videolucu, fyp, fypindonesia, trending, ngakak, hiburan",ternyata begini caranya shorts lucu viral indonesia siapa yang nggak bisa menahan tawa setelah melihat ini tonton sampai akhir dijamin bikin senyum dan ketawa sendiri jangan lupa like comment dan subscribe untuk video lucu lainnya shorts lucu viral indonesia videolucu fyp fypindonesia trending ngakak hiburan,"ternyata, begini, caranya, shorts, lucu, viral, indonesia, siapa, yang, nggak, bisa, menahan, tawa, setelah, melihat, ini, tonton, sampai, akhir, dijamin, bikin, senyum, dan, ketawa, sendiri, jangan, lupa, like, comment, dan, subscribe, untuk, video, lucu, lainnya, shorts, lucu, viral, indonesia, videolucu, fyp, fypindonesia, trending, ngakak, hiburan",45,"caranya, shorts, lucu, viral, indonesia, menahan, tawa, tonton, dijamin, bikin, senyum, ketawa, lupa, like, comment, subscribe, untuk, video, lucu, shorts, lucu, viral, indonesia, videolucu, fyp, fypindonesia, trending, ngakak, hiburan",29,caranya shorts lucu viral indonesia menahan tawa tonton dijamin bikin senyum ketawa lupa like comment subscribe untuk video lucu shorts lucu viral indonesia videolucu fyp fypindonesia trending ngakak hiburan
youtube,KrVcyazgAcQ,UCIxKP_qysGTzimkv8WPe2Mw,subhashgupta4280,"😂 Lagi Panen Jagung, Eh Malah Bikin Ngakak! 🤣🌽 | Video Lucu yang Bikin Ketawa #Shorts","😂 Momen panen jagung yang nggak biasa! 🌽
Awalnya cuma mau mengumpulkan jagung, tapi tingkah mereka malah bikin ngakak! 🤣
Tonton sampai akhir karena ada momen lucu yang bikin ketawa. 😆🔥
👍 Like jika kamu ikut ketawa
💬 Tulis komentarmu di bawah!
🔔 Subscribe untuk video lucu lainnya setiap hari!
#Shorts",2026-09-27 07:09:25+00:00,8,18291,0,0,0,"['shorts', 'viral', 'shorts ngakak viral indonesia']",2026-09-28 14:52:34.992646+00:00,YOUTUBE_API_VIRAL_SEARCH,"😂 Lagi Panen Jagung, Eh Malah Bikin Ngakak! 🤣🌽 | Video Lucu yang Bikin Ketawa #Shorts 😂 Momen panen jagung yang nggak biasa! 🌽
Awalnya cuma mau mengumpulkan jagung, tapi tingkah mereka malah bikin ngakak! 🤣
Tonton sampai akhir karena ada momen lucu yang bikin ketawa. 😆🔥
👍 Like jika kamu ikut ketawa
💬 Tulis komentarmu di bawah!
🔔 Subscribe untuk video lucu lainnya setiap hari!
#Shorts","shorts, shorts",lagi panen jagung eh malah bikin ngakak video lucu yang bikin ketawa shorts momen panen jagung yang nggak biasa awalnya cuma mau mengumpulkan jagung tapi tingkah mereka malah bikin ngakak tonton sampai akhir karena ada momen lucu yang bikin ketawa like jika kamu ikut ketawa tulis komentarmu di bawah subscribe untuk video lucu lainnya setiap hari shorts,"lagi, panen, jagung, eh, malah, bikin, ngakak, video, lucu, yang, bikin, ketawa, shorts, momen, panen, jagung, yang, nggak, biasa, awalnya, cuma, mau, mengumpulkan, jagung, tapi, tingkah, mereka, malah, bikin, ngakak, tonton, sampai, akhir, karena, ada, momen, lucu, yang, bikin, ketawa, like, jika, kamu, ikut, ketawa, tulis, komentarmu, di, bawah, subscribe, untuk, video, lucu, lainnya, setiap, hari, shorts",57,"panen, jagung, eh, bikin, ngakak, video, lucu, bikin, ketawa, shorts, momen, panen, jagung, mengumpulkan, jagung, tingkah, bikin, ngakak, tonton, momen, lucu, bikin, ketawa, like, ketawa, tulis, komentarmu, subscribe, untuk, video, lucu, shorts",32,panen jagung eh bikin ngakak video lucu bikin ketawa shorts momen panen jagung mengumpulkan jagung tingkah bikin ngakak tonton momen lucu bikin ketawa like ketawa tulis komentarmu subscribe untuk video lucu shorts
youtube,EFIuLV-Qqv8,UCkMDafOw9F-huk_gzEMn23w,aziz muhammad,madu asli !! #shorts #reaction #funny #lucu #ngakak #comedy #lucu #ngakak #azizmuhammad,"Deskripsi YouTube:

😂 Selamat datang di video reaction terbaru!

Di video kali ini kita bakal bereaksi terhadap video-video paling lucu, random, dan bikin ngakak yang sedang viral di internet. Siap-siap ketawa sampai perut sakit karena ada banyak momen kocak yang sulit dipercaya!

Kalau kalian menik",2026-09-27 11:52:14+00:00,47,10665,71,4,0,"['reaction', 'reaction indonesia', 'video reaction', 'video lucu', 'lucu', 'ngakak', 'video viral', 'viral indonesia', 'komedi', 'humor', 'meme indonesia', 'video kocak', 'hiburan', 'trending', 'fyp', 'funny', 'reaction lucu', 'reaction viral', 'shorts', 'youtube shorts', 'video ngakak', 'kompilasi lucu', 'ketawa', 'viral terbaru', 'indonesia', 'azizmuhammad']",2026-09-28 14:52:34.992646+00:00,YOUTUBE_API_VIRAL_SEARCH,"madu asli !! #shorts #reaction #funny #lucu #ngakak #comedy #lucu #ngakak #azizmuhammad Deskripsi YouTube:

😂 Selamat datang di video reaction terbaru!

Di video kali ini kita bakal bereaksi terhadap video-video paling lucu, random, dan bikin ngakak yang sedang viral di internet. Siap-siap ketawa sampai perut sakit karena ada banyak momen kocak yang sulit dipercaya!

Kalau kalian menik","shorts, reaction, funny, lucu, ngakak, comedy, lucu, ngakak, azizmuhammad",madu asli shorts reaction funny lucu ngakak comedy lucu ngakak azizmuhammad deskripsi youtube selamat datang di video reaction terbaru di video kali ini kita bakal bereaksi terhadap video video paling lucu random dan bikin ngakak yang sedang viral di internet siap siap ketawa sampai perut sakit karena ada banyak momen kocak yang sulit dipercaya kalau kalian menik,"madu, asli, shorts, reaction, funny, lucu, ngakak, comedy, lucu, ngakak, azizmuhammad, deskripsi, youtube, selamat, datang, di, video, reaction, terbaru, di, video, kali, ini, kita, bakal, bereaksi, terhadap, video, video, paling, lucu, random, dan, bikin, ngakak, yang, sedang, viral, di, internet, siap, siap, ketawa, sampai, perut, sakit, karena, ada, banyak, momen, kocak, yang, sulit, dipercaya, kalau, kalian, menik",57,"madu, asli, shorts, reaction, funny, lucu, ngakak, comedy, lucu, ngakak, azizmuhammad, deskripsi, youtube, selamat, datang, video, reaction, terbaru, video, kali, bereaksi, video, video, lucu, random, bikin, ngakak, viral, internet, ketawa, perut, sakit, momen, kocak, sulit, dipercaya, menik",37,madu asli shorts reaction funny lucu ngakak comedy lucu ngakak azizmuhammad deskripsi youtube selamat datang video reaction terbaru video kali bereaksi video video lucu random bikin ngakak viral internet ketawa perut sakit momen kocak sulit dipercaya menik
youtube,iZNZZAsAMCw,UCvD55efFRAQ_3d2GAGT9GHw,Tawa Mulu,SAPI GEN ALPHA #ngakak #lucu #funny #komedi #sapi #shorts #viral #trending #youtubeshorts #lol #fyp,"🐄🤣 SAPI NGAMUK KARENA ULahnya SENDIRI! 😂

Entah sebelumnya si sapi ini ngapain, tiba-tiba kursi plastik nyangkut di kepalanya! 😭🤣 Kursi yang biasanya buat manusia duduk, malah jadi “aksesoris kepala” si sapi.

Karena jalannya jadi oleng dan pandangannya terganggu, si sapi pun mulai panik, ngamuk, da",2026-09-27 00:24:41+00:00,20,7382,35,0,0,"['shorts', 'viral', 'shorts ngakak viral indonesia']",2026-09-28 14:52:34.992646+00:00,YOUTUBE_API_VIRAL_SEARCH,"SAPI GEN ALPHA #ngakak #lucu #funny #komedi #sapi #shorts #viral #trending #youtubeshorts #lol #fyp 🐄🤣 SAPI NGAMUK KARENA ULahnya SENDIRI! 😂

Entah sebelumnya si sapi ini ngapain, tiba-tiba kursi plastik nyangkut di kepalanya! 😭🤣 Kursi yang biasanya buat manusia duduk, malah jadi “aksesoris kepala” si sapi.

Karena jalannya jadi oleng dan pandangannya terganggu, si sapi pun mulai panik, ngamuk, da","ngakak, lucu, funny, komedi, sapi, shorts, viral, trending, youtubeshorts, lol, fyp",sapi gen alpha ngakak lucu funny komedi sapi shorts viral trending youtubeshorts lol fyp sapi ngamuk karena ulahnya sendiri entah sebelumnya si sapi ini ngapain tiba tiba kursi plastik nyangkut di kepalanya kursi yang biasanya buat manusia duduk malah jadi aksesoris kepala si sapi karena jalannya jadi oleng dan pandangannya terganggu si sapi pun mulai panik ngamuk da,"sapi, gen, alpha, ngakak, lucu, funny, komedi, sapi, shorts, viral, trending, youtubeshorts, lol, fyp, sapi, ngamuk, karena, ulahnya, sendiri, entah, sebelumnya, si, sapi, ini, ngapain, tiba, tiba, kursi, plastik, nyangkut, di, kepalanya, kursi, yang, biasanya, buat, manusia, duduk, malah, jadi, aksesoris, kepala, si, sapi, karena, jalannya, jadi, oleng, dan, pandangannya, terganggu, si, sapi, pun, mulai, panik, ngamuk, da",58,"sapi, gen, alpha, ngakak, lucu, funny, komedi, sapi, shorts, viral, trending, youtubeshorts, lol, fyp, sapi, ngamuk, ulahnya, si, sapi, ngapain, kursi, plastik, nyangkut, kepalanya, kursi, manusia, duduk, aksesoris, kepala, si, sapi, jalannya, oleng, pandangannya, terganggu, si, sapi, panik, ngamuk, da",40,sapi gen alpha ngakak lucu funny komedi sapi shorts viral trending youtubeshorts lol fyp sapi ngamuk ulahnya si sapi ngapain kursi plastik nyangkut kepalanya kursi manusia duduk aksesoris kepala si sapi jalannya oleng pandangannya terganggu si sapi panik ngamuk da
youtube,2_LX_Ym0VUA,UCAnfCwnePHKY_AjzNPpqkZQ,XoraOrigin,SAMUSMUNGU?! 😭 #viral #lucu #shorts,#videolucu #videolucuindonesia #lucu #ngakak #ketawa #humor #komedi #komedilucu #hiburan #hiburanlucu #lawak #lawakan #kocak #kocakbanget #ngakakbanget #bikinngakak #bikin_ketawa #kontenlucu #kontenlucuindonesia #kontenhiburan #shortslucu #youtubeshorts #shortsindonesia #shortsvideo #shorts #viral #,2026-09-27 04:25:24+00:00,17,6747,45,0,0,"['shorts', 'viral', 'shorts ngakak viral indonesia']",2026-09-28 14:52:34.992646+00:00,YOUTUBE_API_VIRAL_SEARCH,SAMUSMUNGU?! 😭 #viral #lucu #shorts #videolucu #videolucuindonesia #lucu #ngakak #ketawa #humor #komedi #komedilucu #hiburan #hiburanlucu #lawak #lawakan #kocak #kocakbanget #ngakakbanget #bikinngakak #bikin_ketawa #kontenlucu #kontenlucuindonesia #kontenhiburan #shortslucu #youtubeshorts #shortsindonesia #shortsvideo #shorts #viral #,"viral, lucu, shorts, videolucu, videolucuindonesia, lucu, ngakak, ketawa, humor, komedi, komedilucu, hiburan, hiburanlucu, lawak, lawakan, kocak, kocakbanget, ngakakbanget, bikinngakak, bikin_ketawa, kontenlucu, kontenlucuindonesia, kontenhiburan, shortslucu, youtubeshorts, shortsindonesia, shortsvideo, shorts, viral",samusmungu viral lucu shorts videolucu videolucuindonesia lucu ngakak ketawa humor komedi komedilucu hiburan hiburanlucu lawak lawakan kocak kocakbanget ngakakbanget bikinngakak bikin ketawa kontenlucu kontenlucuindonesia kontenhiburan shortslucu youtubeshorts shortsindonesia shortsvideo shorts viral,"samusmungu, viral, lucu, shorts, videolucu, videolucuindonesia, lucu, ngakak, ketawa, humor, komedi, komedilucu, hiburan, hiburanlucu, lawak, lawakan, kocak, kocakbanget, ngakakbanget, bikinngakak, bikin, ketawa, kontenlucu, kontenlucuindonesia, kontenhiburan, shortslucu, youtubeshorts, shortsindonesia, shortsvideo, shorts, viral",31,"samusmungu, viral, lucu, shorts, videolucu, videolucuindonesia, lucu, ngakak, ketawa, humor, komedi, komedilucu, hiburan, hiburanlucu, lawak, lawakan, kocak, kocakbanget, ngakakbanget, bikinngakak, bikin, ketawa, kontenlucu, kontenlucuindonesia, kontenhiburan, shortslucu, youtubeshorts, shortsindonesia, shortsvideo, shorts, viral",31,samusmungu viral lucu shorts videolucu videolucuindonesia lucu ngakak ketawa humor komedi komedilucu hiburan hiburanlucu lawak lawakan kocak kocakbanget ngakakbanget bikinngakak bikin ketawa kontenlucu kontenlucuindonesia kontenhiburan shortslucu youtubeshorts shortsindonesia shortsvideo shorts viral
youtube,sh--DnK5DbY,UCkMDafOw9F-huk_gzEMn23w,aziz muhammad,kucing putih yang pintar ! #shorts #reaction #funny #lucu #ngakak #comedy #lucungakak #azizmuhammad,"Deskripsi YouTube:

😂 Selamat datang di video reaction terbaru!

Di video kali ini kita bakal bereaksi terhadap video-video paling lucu, random, dan bikin ngakak yang sedang viral di internet. Siap-siap ketawa sampai perut sakit karena ada banyak momen kocak yang sulit dipercaya!

Kalau kalian menik",2026-09-27 12:15:38+00:00,60,6139,54,1,0,"['reaction', 'reaction indonesia', 'video reaction', 'video lucu', 'lucu', 'ngakak', 'video viral', 'viral indonesia', 'komedi', 'humor', 'meme indonesia', 'video kocak', 'hiburan', 'trending', 'fyp', 'funny', 'reaction lucu', 'reaction viral', 'shorts', 'youtube shorts', 'video ngakak', 'kompilasi lucu', 'ketawa', 'viral terbaru', 'indonesia', 'azizmuhammad']",2026-09-28 14:52:34.992646+00:00,YOUTUBE_API_VIRAL_SEARCH,"kucing putih yang pintar ! #shorts #reaction #funny #lucu #ngakak #comedy #lucungakak #azizmuhammad Deskripsi YouTube:

😂 Selamat datang di video reaction terbaru!

Di video kali ini kita bakal bereaksi terhadap video-video paling lucu, random, dan bikin ngakak yang sedang viral di internet. Siap-siap ketawa sampai perut sakit karena ada banyak momen kocak yang sulit dipercaya!

Kalau kalian menik","shorts, reaction, funny, lucu, ngakak, comedy, lucungakak, azizmuhammad",kucing putih yang pintar shorts reaction funny lucu ngakak comedy lucungakak azizmuhammad deskripsi youtube selamat datang di video reaction terbaru di video kali ini kita bakal bereaksi terhadap video video paling lucu random dan bikin ngakak yang sedang viral di internet siap siap ketawa sampai perut sakit karena ada banyak momen kocak yang sulit dipercaya kalau kalian menik,"kucing, putih, yang, pintar, shorts, reaction, funny, lucu, ngakak, comedy, lucungakak, azizmuhammad, deskripsi, youtube, selamat, datang, di, video, reaction, terbaru, di, video, kali, ini, kita, bakal, bereaksi, terhadap, video, video, paling, lucu, random, dan, bikin, ngakak, yang, sedang, viral, di, internet, siap, siap, ketawa, sampai, perut, sakit, karena, ada, banyak, momen, kocak, yang, sulit, dipercaya, kalau, kalian, menik",58,"kucing, putih, pintar, shorts, reaction, funny, lucu, ngakak, comedy, lucungakak, azizmuhammad, deskripsi, youtube, selamat, datang, video, reaction, terbaru, video, kali, bereaksi, video, video, lucu, random, bikin, ngakak, viral, internet, ketawa, perut, sakit, momen, kocak, sulit, dipercaya, menik",37,kucing putih pintar shorts reaction funny lucu ngakak comedy lucungakak azizmuhammad deskripsi youtube selamat datang video reaction terbaru video kali bereaksi video video lucu random bikin ngakak viral internet ketawa perut sakit momen kocak sulit dipercaya menik
youtube,0ltGXQfg6no,UCsn2IjqbZyyaKG8LDs8ZfHg,Kurniawan0698,Meme reaction #shorts #funny #komedi #lucu #viral #reaction #meme #story #ngakak #video lucu,"Meme reaction #shorts #funny #komedi #lucu #viral #reaction #meme #story #ngakak #video lucu

Tag:
 #memes #humor #absurd #shorts #short #story #meme #funny video #viral #lucu #kocak #komedi #ngakak #humor #video shorts lucu #shorts viral #shorts lucu #shorts ngakak #shorts story #shorts meme #short",2026-09-27 11:00:34+00:00,50,4579,80,0,0,"['viral', 'meme', 'Shorts', 'shorts', 'video lucu', 'ngakak', 'komedi', 'humor', 'memes', 'absurd', 'kocak', 'funny', 'shorts video lucu', 'shorts viral', 'asupan meme', 'asupan memes', 'dank memes compilation', 'emot batu', 'funny memes', 'meme indonesia reaction', 'meme terbaru', 'memes compilation', 'semua memes', 'tiktok compilation', 'dank memes indonesia', 'meme kompilasi', 'random para tolol', 'view', 'viral video', 'youtube', 'memes indo', 'pewdiepie', 'musik', 'the view', 'best memes compilation', 'funny videos', 'Meme Lucu', 'lucu', 'reaction']",2026-09-28 14:52:34.992646+00:00,YOUTUBE_API_VIRAL_SEARCH,"Meme reaction #shorts #funny #komedi #lucu #viral #reaction #meme #story #ngakak #video lucu Meme reaction #shorts #funny #komedi #lucu #viral #reaction #meme #story #ngakak #video lucu

Tag:
 #memes #humor #absurd #shorts #short #story #meme #funny video #viral #lucu #kocak #komedi #ngakak #humor #video shorts lucu #shorts viral #shorts lucu #shorts ngakak #shorts story #shorts meme #short","shorts, funny, komedi, lucu, viral, reaction, meme, story, ngakak, video, shorts, funny, komedi, lucu, viral, reaction, meme, story, ngakak, video, memes, humor, absurd, shorts, short, story, meme, funny, viral, lucu, kocak, komedi, ngakak, humor, video, shorts, shorts, shorts, shorts, shorts, short",meme reaction shorts funny komedi lucu viral reaction meme story ngakak video lucu meme reaction shorts funny komedi lucu viral reaction meme story ngakak video lucu tag memes humor absurd shorts short story meme funny video viral lucu kocak komedi ngakak humor video shorts lucu shorts viral shorts lucu shorts ngakak shorts story shorts meme short,"meme, reaction, shorts, funny, komedi, lucu, viral, reaction, meme, story, ngakak, video, lucu, meme, reaction, shorts, funny, komedi, lucu, viral, reaction, meme, story, ngakak, video, lucu, tag, memes, humor, absurd, shorts, short, story, meme, funny, video, viral, lucu, kocak, komedi, ngakak, humor, video, shorts, lucu, shorts, viral, shorts, lucu, shorts, ngakak, shorts, story, shorts, meme, short",56,"meme, reaction, shorts, funny, komedi, lucu, viral, reaction, meme, story, ngakak, video, lucu, meme, reaction, shorts, funny, komedi, lucu, viral, reaction, meme, story, ngakak, video, lucu, tag, memes, humor, absurd, shorts, short, story, meme, funny, video, viral, lucu, kocak, komedi, ngakak, humor, video, shorts, lucu, shorts, viral, shorts, lucu, shorts, ngakak, shorts, story, shorts, meme, short",56,meme reaction shorts funny komedi lucu viral reaction meme story ngakak video lucu meme reaction shorts funny komedi lucu viral reaction meme story ngakak video lucu tag memes humor absurd shorts short story meme funny video viral lucu kocak komedi ngakak humor video shorts lucu shorts viral shorts lucu shorts ngakak shorts story shorts meme short
youtube,fq7WrNvomEY,UCkMDafOw9F-huk_gzEMn23w,aziz muhammad,ternyata ayam juga bisa jadi kanibal !! #shorts #reaction #funny #lucu #ngakak #comedy #lucungakak,"Deskripsi YouTube:

😂 Selamat datang di video reaction terbaru!

Di video kali ini kita bakal bereaksi terhadap video-video paling lucu, random, dan bikin ngakak yang sedang viral di internet. Siap-siap ketawa sampai perut sakit karena ada banyak momen kocak yang sulit dipercaya!

Kalau kalian menik",2026-09-28 04:48:50+00:00,52,4467,79,1,0,"['reaction', 'reaction indonesia', 'video reaction', 'video lucu', 'lucu', 'ngakak', 'video viral', 'viral indonesia', 'komedi', 'humor', 'meme indonesia', 'video kocak', 'hiburan', 'trending', 'fyp', 'funny', 'reaction lucu', 'reaction viral', 'shorts', 'youtube shorts', 'video ngakak', 'kompilasi lucu', 'ketawa', 'viral terbaru', 'indonesia', 'azizmuhammad']",2026-09-28 14:52:34.992646+00:00,YOUTUBE_API_VIRAL_SEARCH,"ternyata ayam juga bisa jadi kanibal !! #shorts #reaction #funny #lucu #ngakak #comedy #lucungakak Deskripsi YouTube:

😂 Selamat datang di video reaction terbaru!

Di video kali ini kita bakal bereaksi terhadap video-video paling lucu, random, dan bikin ngakak yang sedang viral di internet. Siap-siap ketawa sampai perut sakit karena ada banyak momen kocak yang sulit dipercaya!

Kalau kalian menik","shorts, reaction, funny, lucu, ngakak, comedy, lucungakak",ternyata ayam juga bisa jadi kanibal shorts reaction funny lucu ngakak comedy lucungakak deskripsi youtube selamat datang di video reaction terbaru di video kali ini kita bakal bereaksi terhadap video video paling lucu random dan bikin ngakak yang sedang viral di internet siap siap ketawa sampai perut sakit karena ada banyak momen kocak yang sulit dipercaya kalau kalian menik,"ternyata, ayam, juga, bisa, jadi, kanibal, shorts, reaction, funny, lucu, ngakak, comedy, lucungakak, deskripsi, youtube, selamat, datang, di, video, reaction, terbaru, di, video, kali, ini, kita, bakal, bereaksi, terhadap, video, video, paling, lucu, random, dan, bikin, ngakak, yang, sedang, viral, di, internet, siap, siap, ketawa, sampai, perut, sakit, karena, ada, banyak, momen, kocak, yang, sulit, dipercaya, kalau, kalian, menik",59,"ayam, kanibal, shorts, reaction, funny, lucu, ngakak, comedy, lucungakak, deskripsi, youtube, selamat, datang, video, reaction, terbaru, video, kali, bereaksi, video, video, lucu, random, bikin, ngakak, viral, internet, ketawa, perut, sakit, momen, kocak, sulit, dipercaya, menik",35,ayam kanibal shorts reaction funny lucu ngakak comedy lucungakak deskripsi youtube selamat datang video reaction terbaru video kali bereaksi video video lucu random bikin ngakak viral internet ketawa perut sakit momen kocak sulit dipercaya menik
youtube,nc2i0DxEeHw,UCkMDafOw9F-huk_gzEMn23w,aziz muhammad,rezeki tukang tanaman !! #shorts #reaction #funny #lucu #ngakak #comedy #lucungakak #azizmuhammad,"Deskripsi YouTube:

😂 Selamat datang di video reaction terbaru!

Di video kali ini kita bakal bereaksi terhadap video-video paling lucu, random, dan bikin ngakak yang sedang viral di internet. Siap-siap ketawa sampai perut sakit karena ada banyak momen kocak yang sulit dipercaya!

Kalau kalian menik",2026-09-28 05:15:19+00:00,37,4101,127,1,0,"['reaction', 'reaction indonesia', 'video reaction', 'video lucu', 'lucu', 'ngakak', 'video viral', 'viral indonesia', 'komedi', 'humor', 'meme indonesia', 'video kocak', 'hiburan', 'trending', 'fyp', 'funny', 'reaction lucu', 'reaction viral', 'shorts', 'youtube shorts', 'video ngakak', 'kompilasi lucu', 'ketawa', 'viral terbaru', 'indonesia', 'azizmuhammad']",2026-09-28 14:52:34.992646+00:00,YOUTUBE_API_VIRAL_SEARCH,"rezeki tukang tanaman !! #shorts #reaction #funny #lucu #ngakak #comedy #lucungakak #azizmuhammad Deskripsi YouTube:

😂 Selamat datang di video reaction terbaru!

Di video kali ini kita bakal bereaksi terhadap video-video paling lucu, random, dan bikin ngakak yang sedang viral di internet. Siap-siap ketawa sampai perut sakit karena ada banyak momen kocak yang sulit dipercaya!

Kalau kalian menik","shorts, reaction, funny, lucu, ngakak, comedy, lucungakak, azizmuhammad",rezeki tukang tanaman shorts reaction funny lucu ngakak comedy lucungakak azizmuhammad deskripsi youtube selamat datang di video reaction terbaru di video kali ini kita bakal bereaksi terhadap video video paling lucu random dan bikin ngakak yang sedang viral di internet siap siap ketawa sampai perut sakit karena ada banyak momen kocak yang sulit dipercaya kalau kalian menik,"rezeki, tukang, tanaman, shorts, reaction, funny, lucu, ngakak, comedy, lucungakak, azizmuhammad, deskripsi, youtube, selamat, datang, di, video, reaction, terbaru, di, video, kali, ini, kita, bakal, bereaksi, terhadap, video, video, paling, lucu, random, dan, bikin, ngakak, yang, sedang, viral, di, internet, siap, siap, ketawa, sampai, perut, sakit, karena, ada, banyak, momen, kocak, yang, sulit, dipercaya, kalau, kalian, menik",57,"rezeki, tukang, tanaman, shorts, reaction, funny, lucu, ngakak, comedy, lucungakak, azizmuhammad, deskripsi, youtube, selamat, datang, video, reaction, terbaru, video, kali, bereaksi, video, video, lucu, random, bikin, ngakak, viral, internet, ketawa, perut, sakit, momen, kocak, sulit, dipercaya, menik",37,rezeki tukang tanaman shorts reaction funny lucu ngakak comedy lucungakak azizmuhammad deskripsi youtube selamat datang video reaction terbaru video kali bereaksi video video lucu random bikin ngakak viral internet ketawa perut sakit momen kocak sulit dipercaya menik
youtube,exdB5ErAfzA,UCbjuscKTpdDdbLXsmjbMCZA,Bang Batak,lucu banget bikin ketawa ngakak #memes #reaction #funny #funnyvideo #viral,"reaction video lucu
reaction lucu
video lucu
video ngakak
video kocak
reaksi lucu
reaksi ngakak
reaction shorts
shorts lucu
youtube shorts lucu
video viral
video viral lucu
konten lucu
konten ngakak
hiburan lucu
komedi lucu
komedi Indonesia
funny reaction
funny videos
funny shorts
ngakak sampai saki",2026-09-27 08:54:06+00:00,27,4828,92,2,0,"['shorts', 'viral', 'shorts ngakak viral indonesia']",2026-09-28 14:52:34.992646+00:00,YOUTUBE_API_VIRAL_SEARCH,"lucu banget bikin ketawa ngakak #memes #reaction #funny #funnyvideo #viral reaction video lucu
reaction lucu
video lucu
video ngakak
video kocak
reaksi lucu
reaksi ngakak
reaction shorts
shorts lucu
youtube shorts lucu
video viral
video viral lucu
konten lucu
konten ngakak
hiburan lucu
komedi lucu
komedi Indonesia
funny reaction
funny videos
funny shorts
ngakak sampai saki","memes, reaction, funny, funnyvideo, viral",lucu banget bikin ketawa ngakak memes reaction funny funnyvideo viral reaction video lucu reaction lucu video lucu video ngakak video kocak reaksi lucu reaksi ngakak reaction shorts shorts lucu youtube shorts lucu video viral video viral lucu konten lucu konten ngakak hiburan lucu komedi lucu komedi indonesia funny reaction funny videos funny shorts ngakak sampai saki,"lucu, banget, bikin, ketawa, ngakak, memes, reaction, funny, funnyvideo, viral, reaction, video, lucu, reaction, lucu, video, lucu, video, ngakak, video, kocak, reaksi, lucu, reaksi, ngakak, reaction, shorts, shorts, lucu, youtube, shorts, lucu, video, viral, video, viral, lucu, konten, lucu, konten, ngakak, hiburan, lucu, komedi, lucu, komedi, indonesia, funny, reaction, funny, videos, funny, shorts, ngakak, sampai, saki",56,"lucu, banget, bikin, ketawa, ngakak, memes, reaction, funny, funnyvideo, viral, reaction, video, lucu, reaction, lucu, video, lucu, video, ngakak, video, kocak, reaksi, lucu, reaksi, ngakak, reaction, shorts, shorts, lucu, youtube, shorts, lucu, video, viral, video, viral, lucu, konten, lucu, konten, ngakak, hiburan, lucu, komedi, lucu, komedi, indonesia, funny, reaction, funny, videos, funny, shorts, ngakak, saki",55,lucu banget bikin ketawa ngakak memes reaction funny funnyvideo viral reaction video lucu reaction lucu video lucu video ngakak video kocak reaksi lucu reaksi ngakak reaction shorts shorts lucu youtube shorts lucu video viral video viral lucu konten lucu konten ngakak hiburan lucu komedi lucu komedi indonesia funny reaction funny videos funny shorts ngakak saki
youtube,sbYPx6WNnRw,UCLXhONw64u5XH_S_dKRFWEQ,ADOMZZ,OMAGA 😱😱😱😱#shorts,"😂 Siap-siap ketawa! Video lucu ini dijamin bikin hari kamu jadi lebih seru 🤣

Kalau kamu sampai ketawa, jangan lupa LIKE 👍, SUBSCRIBE 🔔, dan SHARE ke teman kamu yang suka video kocak!

Tonton sampai akhir, siapa tahu bagian terakhir bikin kamu ngakak 😂

#videolucu #ngakak #komedi #humor #lucu #viral",2026-09-27 08:00:33+00:00,11,4474,13,1,0,"['shorts', 'viral', 'shorts ngakak viral indonesia']",2026-09-28 14:52:34.992646+00:00,YOUTUBE_API_VIRAL_SEARCH,"OMAGA 😱😱😱😱#shorts 😂 Siap-siap ketawa! Video lucu ini dijamin bikin hari kamu jadi lebih seru 🤣

Kalau kamu sampai ketawa, jangan lupa LIKE 👍, SUBSCRIBE 🔔, dan SHARE ke teman kamu yang suka video kocak!

Tonton sampai akhir, siapa tahu bagian terakhir bikin kamu ngakak 😂

#videolucu #ngakak #komedi #humor #lucu #viral","shorts, videolucu, ngakak, komedi, humor, lucu, viral",omaga shorts siap siap ketawa video lucu ini dijamin bikin hari kamu jadi lebih seru kalau kamu sampai ketawa jangan lupa like subscribe dan share ke teman kamu yang suka video kocak tonton sampai akhir siapa tahu bagian terakhir bikin kamu ngakak videolucu ngakak komedi humor lucu viral,"omaga, shorts, siap, siap, ketawa, video, lucu, ini, dijamin, bikin, hari, kamu, jadi, lebih, seru, kalau, kamu, sampai, ketawa, jangan, lupa, like, subscribe, dan, share, ke, teman, kamu, yang, suka, video, kocak, tonton, sampai, akhir, siapa, tahu, bagian, terakhir, bikin, kamu, ngakak, videolucu, ngakak, komedi, humor, lucu, viral",48,"omaga, shorts, ketawa, video, lucu, dijamin, bikin, seru, ketawa, lupa, like, subscribe, share, teman, suka, video, kocak, tonton, bagian, bikin, ngakak, videolucu, ngakak, komedi, humor, lucu, viral",27,omaga shorts ketawa video lucu dijamin bikin seru ketawa lupa like subscribe share teman suka video kocak tonton bagian bikin ngakak videolucu ngakak komedi humor lucu viral
youtube,hoHl37ZSQdI,UCEIjt8DXdJ6R5EsLZV4R8cw,Embot Rise,Istri Paman Marah Malah Ditendang #shorts,"‎🔥 WAJIB BANGET BUAT KALIAN YANG SELALU MAMPIR DAN SETIA NONTON DI CHANNEL INI! ❤️😂
‎
‎Kalian bukan cuma penonton, tapi sudah jadi bagian dari keluarga channel ini! 😆 Kehadiran kalian benar-benar berarti dan bikin semangat untuk terus bikin konten yang seru.
‎
‎Semoga channel ini bisa jadi tempat ka",2026-09-27 10:13:04+00:00,17,2559,9,0,0,"['komedi', 'komedi Indonesia', 'video lucu', 'video komedi', 'viral ngkak', 'lucu banget', 'bikin ngakak', 'humor Indonesia', 'konten lucu', 'konten komedi', 'prank lucu', 'prank Indonesia', 'kejadian lucu', 'momen lucu', 'orang lucu', 'kocak', 'ngakak', 'hiburan', 'youtube shorts', 'shorts Indonesia', 'shorts lucu', 'video viral', 'konten viral', 'paman lucu', 'paman prank', 'embot rise', 'ketawa itu wajib']",2026-09-28 14:52:34.992646+00:00,YOUTUBE_API_VIRAL_SEARCH,"Istri Paman Marah Malah Ditendang #shorts ‎🔥 WAJIB BANGET BUAT KALIAN YANG SELALU MAMPIR DAN SETIA NONTON DI CHANNEL INI! ❤️😂
‎
‎Kalian bukan cuma penonton, tapi sudah jadi bagian dari keluarga channel ini! 😆 Kehadiran kalian benar-benar berarti dan bikin semangat untuk terus bikin konten yang seru.
‎
‎Semoga channel ini bisa jadi tempat ka",shorts,istri paman marah malah ditendang shorts wajib banget buat kalian yang selalu mampir dan setia nonton di channel ini kalian bukan cuma penonton tapi sudah jadi bagian dari keluarga channel ini kehadiran kalian benar benar berarti dan bikin semangat untuk terus bikin konten yang seru semoga channel ini bisa jadi tempat ka,"istri, paman, marah, malah, ditendang, shorts, wajib, banget, buat, kalian, yang, selalu, mampir, dan, setia, nonton, di, channel, ini, kalian, bukan, cuma, penonton, tapi, sudah, jadi, bagian, dari, keluarga, channel, ini, kehadiran, kalian, benar, benar, berarti, dan, bikin, semangat, untuk, terus, bikin, konten, yang, seru, semoga, channel, ini, bisa, jadi, tempat, ka",52,"istri, paman, marah, ditendang, shorts, wajib, banget, mampir, setia, nonton, channel, penonton, bagian, keluarga, channel, kehadiran, bikin, semangat, untuk, bikin, konten, seru, semoga, channel, ka",25,istri paman marah ditendang shorts wajib banget mampir setia nonton channel penonton bagian keluarga channel kehadiran bikin semangat untuk bikin konten seru semoga channel ka
youtube,vij5JTk1QFY,UCkMDafOw9F-huk_gzEMn23w,aziz muhammad,emak siapa ini !! #shorts #reaction #funny #lucu #ngakak #comedy #lucungakak #azizmuhammad,"Deskripsi YouTube:

😂 Selamat datang di video reaction terbaru!

Di video kali ini kita bakal bereaksi terhadap video-video paling lucu, random, dan bikin ngakak yang sedang viral di internet. Siap-siap ketawa sampai perut sakit karena ada banyak momen kocak yang sulit dipercaya!

Kalau kalian menik",2026-09-27 17:00:29+00:00,18,1791,31,0,0,"['reaction', 'reaction indonesia', 'video reaction', 'video lucu', 'lucu', 'ngakak', 'video viral', 'viral indonesia', 'komedi', 'humor', 'meme indonesia', 'video kocak', 'hiburan', 'trending', 'fyp', 'funny', 'reaction lucu', 'reaction viral', 'shorts', 'youtube shorts', 'video ngakak', 'kompilasi lucu', 'ketawa', 'viral terbaru', 'indonesia', 'azizmuhammad']",2026-09-28 14:52:34.992646+00:00,YOUTUBE_API_VIRAL_SEARCH,"emak siapa ini !! #shorts #reaction #funny #lucu #ngakak #comedy #lucungakak #azizmuhammad Deskripsi YouTube:

😂 Selamat datang di video reaction terbaru!

Di video kali ini kita bakal bereaksi terhadap video-video paling lucu, random, dan bikin ngakak yang sedang viral di internet. Siap-siap ketawa sampai perut sakit karena ada banyak momen kocak yang sulit dipercaya!

Kalau kalian menik","shorts, reaction, funny, lucu, ngakak, comedy, lucungakak, azizmuhammad",emak siapa ini shorts reaction funny lucu ngakak comedy lucungakak azizmuhammad deskripsi youtube selamat datang di video reaction terbaru di video kali ini kita bakal bereaksi terhadap video video paling lucu random dan bikin ngakak yang sedang viral di internet siap siap ketawa sampai perut sakit karena ada banyak momen kocak yang sulit dipercaya kalau kalian menik,"emak, siapa, ini, shorts, reaction, funny, lucu, ngakak, comedy, lucungakak, azizmuhammad, deskripsi, youtube, selamat, datang, di, video, reaction, terbaru, di, video, kali, ini, kita, bakal, bereaksi, terhadap, video, video, paling, lucu, random, dan, bikin, ngakak, yang, sedang, viral, di, internet, siap, siap, ketawa, sampai, perut, sakit, karena, ada, banyak, momen, kocak, yang, sulit, dipercaya, kalau, kalian, menik",57,"emak, shorts, reaction, funny, lucu, ngakak, comedy, lucungakak, azizmuhammad, deskripsi, youtube, selamat, datang, video, reaction, terbaru, video, kali, bereaksi, video, video, lucu, random, bikin, ngakak, viral, internet, ketawa, perut, sakit, momen, kocak, sulit, dipercaya, menik",35,emak shorts reaction funny lucu ngakak comedy lucungakak azizmuhammad deskripsi youtube selamat datang video reaction terbaru video kali bereaksi video video lucu random bikin ngakak viral internet ketawa perut sakit momen kocak sulit dipercaya menik
youtube,W3gmCK8pwg4,UCkMDafOw9F-huk_gzEMn23w,aziz muhammad,malu kalah sama yang pakai sendal !! #shorts #reaction #funny #lucu #ngakak #comedy #lucungakak,"Deskripsi YouTube:

😂 Selamat datang di video reaction terbaru!

Di video kali ini kita bakal bereaksi terhadap video-video paling lucu, random, dan bikin ngakak yang sedang viral di internet. Siap-siap ketawa sampai perut sakit karena ada banyak momen kocak yang sulit dipercaya!

Kalau kalian menik",2026-09-27 12:30:37+00:00,25,2127,12,0,0,"['reaction', 'reaction indonesia', 'video reaction', 'video lucu', 'lucu', 'ngakak', 'video viral', 'viral indonesia', 'komedi', 'humor', 'meme indonesia', 'video kocak', 'hiburan', 'trending', 'fyp', 'funny', 'reaction lucu', 'reaction viral', 'shorts', 'youtube shorts', 'video ngakak', 'kompilasi lucu', 'ketawa', 'viral terbaru', 'indonesia', 'azizmuhammad']",2026-09-28 14:52:34.992646+00:00,YOUTUBE_API_VIRAL_SEARCH,"malu kalah sama yang pakai sendal !! #shorts #reaction #funny #lucu #ngakak #comedy #lucungakak Deskripsi YouTube:

😂 Selamat datang di video reaction terbaru!

Di video kali ini kita bakal bereaksi terhadap video-video paling lucu, random, dan bikin ngakak yang sedang viral di internet. Siap-siap ketawa sampai perut sakit karena ada banyak momen kocak yang sulit dipercaya!

Kalau kalian menik","shorts, reaction, funny, lucu, ngakak, comedy, lucungakak",malu kalah sama yang pakai sendal shorts reaction funny lucu ngakak comedy lucungakak deskripsi youtube selamat datang di video reaction terbaru di video kali ini kita bakal bereaksi terhadap video video paling lucu random dan bikin ngakak yang sedang viral di internet siap siap ketawa sampai perut sakit karena ada banyak momen kocak yang sulit dipercaya kalau kalian menik,"malu, kalah, sama, yang, pakai, sendal, shorts, reaction, funny, lucu, ngakak, comedy, lucungakak, deskripsi, youtube, selamat, datang, di, video, reaction, terbaru, di, video, kali, ini, kita, bakal, bereaksi, terhadap, video, video, paling, lucu, random, dan, bikin, ngakak, yang, sedang, viral, di, internet, siap, siap, ketawa, sampai, perut, sakit, karena, ada, banyak, momen, kocak, yang, sulit, dipercaya, kalau, kalian, menik",59,"malu, kalah, pakai, sendal, shorts, reaction, funny, lucu, ngakak, comedy, lucungakak, deskripsi, youtube, selamat, datang, video, reaction, terbaru, video, kali, bereaksi, video, video, lucu, random, bikin, ngakak, viral, internet, ketawa, perut, sakit, momen, kocak, sulit, dipercaya, menik",37,malu kalah pakai sendal shorts reaction funny lucu ngakak comedy lucungakak deskripsi youtube selamat datang video reaction terbaru video kali bereaksi video video lucu random bikin ngakak viral internet ketawa perut sakit momen kocak sulit dipercaya menik
youtube,tu_ff1JIcUo,UCe3eqlo_Fn_cUXvsQMbhqNw,KEPOKACAU,"😳 TEMEN KAYAK GINI MASIH ADA?! 🤣 Sama Siapa Aja Malu, Tapi Kelakuannya Bikin Ngakak! #shorts","🔥 **STRONG HOOK:**
😳 **TEMEN KAYAK GINI MASIH ADA?! 🤣 Sama Siapa Aja Malu, Tapi Kelakuannya Bikin Ngakak!**

**Judul YouTube Shorts:**
😳 TEMEN KAYAK GINI MASIH ADA?! 🤣 Sama Siapa Aja Malu, Tapi Kelakuannya Bikin Ngakak! #shorts

**Deskripsi:**
🎭 **KEPOKACAU** hadir lagi dengan momen yang dijamin rel",2026-09-27 12:45:31+00:00,57,1193,25,0,0,"['KEPOKACAU', 'teman lucu', 'teman pemalu', 'orang pemalu', 'anak pemalu', 'teman kocak', 'video lucu', 'video kocak', 'momen lucu', 'kejadian lucu', 'ngakak', 'humor indonesia', 'komedi indonesia', 'viral indonesia', 'shorts indonesia', 'youtube shorts', 'shorts lucu', 'video viral', 'fyp indonesia', 'trending indonesia', 'relate', 'best friend', 'sahabat lucu', 'kelakuan teman', 'hiburan', 'random', 'komedi', 'story lucu', 'konten viral', 'video random', 'lucu banget']",2026-09-28 14:52:34.992646+00:00,YOUTUBE_API_VIRAL_SEARCH,"😳 TEMEN KAYAK GINI MASIH ADA?! 🤣 Sama Siapa Aja Malu, Tapi Kelakuannya Bikin Ngakak! #shorts 🔥 **STRONG HOOK:**
😳 **TEMEN KAYAK GINI MASIH ADA?! 🤣 Sama Siapa Aja Malu, Tapi Kelakuannya Bikin Ngakak!**

**Judul YouTube Shorts:**
😳 TEMEN KAYAK GINI MASIH ADA?! 🤣 Sama Siapa Aja Malu, Tapi Kelakuannya Bikin Ngakak! #shorts

**Deskripsi:**
🎭 **KEPOKACAU** hadir lagi dengan momen yang dijamin rel","shorts, shorts",temen kayak gini masih ada sama siapa aja malu tapi kelakuannya bikin ngakak shorts strong hook temen kayak gini masih ada sama siapa aja malu tapi kelakuannya bikin ngakak judul youtube shorts temen kayak gini masih ada sama siapa aja malu tapi kelakuannya bikin ngakak shorts deskripsi kepokacau hadir lagi dengan momen yang dijamin rel,"temen, kayak, gini, masih, ada, sama, siapa, aja, malu, tapi, kelakuannya, bikin, ngakak, shorts, strong, hook, temen, kayak, gini, masih, ada, sama, siapa, aja, malu, tapi, kelakuannya, bikin, ngakak, judul, youtube, shorts, temen, kayak, gini, masih, ada, sama, siapa, aja, malu, tapi, kelakuannya, bikin, ngakak, shorts, deskripsi, kepokacau, hadir, lagi, dengan, momen, yang, dijamin, rel",55,"temen, kayak, gini, aja, malu, kelakuannya, bikin, ngakak, shorts, strong, hook, temen, kayak, gini, aja, malu, kelakuannya, bikin, ngakak, judul, youtube, shorts, temen, kayak, gini, aja, malu, kelakuannya, bikin, ngakak, shorts, deskripsi, kepokacau, hadir, momen, dijamin, rel",37,temen kayak gini aja malu kelakuannya bikin ngakak shorts strong hook temen kayak gini aja malu kelakuannya bikin ngakak judul youtube shorts temen kayak gini aja malu kelakuannya bikin ngakak shorts deskripsi kepokacau hadir momen dijamin rel
youtube,gplseagLL-4,UCkMDafOw9F-huk_gzEMn23w,aziz muhammad,info marhaba yang ke gini dimana? #shorts #reaction #funny #lucu #ngakak #comedy #lucungakak #memes,"Deskripsi YouTube:

😂 Selamat datang di video reaction terbaru!

Di video kali ini kita bakal bereaksi terhadap video-video paling lucu, random, dan bikin ngakak yang sedang viral di internet. Siap-siap ketawa sampai perut sakit karena ada banyak momen kocak yang sulit dipercaya!

Kalau kalian menik",2026-09-27 13:30:28+00:00,38,1120,4,0,0,"['reaction', 'reaction indonesia', 'video reaction', 'video lucu', 'lucu', 'ngakak', 'video viral', 'viral indonesia', 'komedi', 'humor', 'meme indonesia', 'video kocak', 'hiburan', 'trending', 'fyp', 'funny', 'reaction lucu', 'reaction viral', 'shorts', 'youtube shorts', 'video ngakak', 'kompilasi lucu', 'ketawa', 'viral terbaru', 'indonesia', 'azizmuhammad']",2026-09-28 14:52:34.992646+00:00,YOUTUBE_API_VIRAL_SEARCH,"info marhaba yang ke gini dimana? #shorts #reaction #funny #lucu #ngakak #comedy #lucungakak #memes Deskripsi YouTube:

😂 Selamat datang di video reaction terbaru!

Di video kali ini kita bakal bereaksi terhadap video-video paling lucu, random, dan bikin ngakak yang sedang viral di internet. Siap-siap ketawa sampai perut sakit karena ada banyak momen kocak yang sulit dipercaya!

Kalau kalian menik","shorts, reaction, funny, lucu, ngakak, comedy, lucungakak, memes",info marhaba yang ke gini dimana shorts reaction funny lucu ngakak comedy lucungakak memes deskripsi youtube selamat datang di video reaction terbaru di video kali ini kita bakal bereaksi terhadap video video paling lucu random dan bikin ngakak yang sedang viral di internet siap siap ketawa sampai perut sakit karena ada banyak momen kocak yang sulit dipercaya kalau kalian menik,"info, marhaba, yang, ke, gini, dimana, shorts, reaction, funny, lucu, ngakak, comedy, lucungakak, memes, deskripsi, youtube, selamat, datang, di, video, reaction, terbaru, di, video, kali, ini, kita, bakal, bereaksi, terhadap, video, video, paling, lucu, random, dan, bikin, ngakak, yang, sedang, viral, di, internet, siap, siap, ketawa, sampai, perut, sakit, karena, ada, banyak, momen, kocak, yang, sulit, dipercaya, kalau, kalian, menik",60,"info, marhaba, gini, dimana, shorts, reaction, funny, lucu, ngakak, comedy, lucungakak, memes, deskripsi, youtube, selamat, datang, video, reaction, terbaru, video, kali, bereaksi, video, video, lucu, random, bikin, ngakak, viral, internet, ketawa, perut, sakit, momen, kocak, sulit, dipercaya, menik",38,info marhaba gini dimana shorts reaction funny lucu ngakak comedy lucungakak memes deskripsi youtube selamat datang video reaction terbaru video kali bereaksi video video lucu random bikin ngakak viral internet ketawa perut sakit momen kocak sulit dipercaya menik
youtube,7vyu8ibQdck,UCQscTYPAxKdpNSYzpeGTOaQ,Cross¹²⁶,GOONER loh ya💀#countryhumans #countryballs #shorts #viral #video #viralvideo #animation #indonesia,"Countryhuman Indonesia
Countryhuman meme
Countryhuman compilation
Countryhuman Amv
Countryhuman Palestina

Countryhuman meme
Countryhuman animation
Countryhuman Indonesia
Countryhuman Palestine
Countryhuman compilation

Abaikan hanya tag:
comics #shorts #viral #video #viralvideo #animation #indonesi",2026-09-27 06:13:36+00:00,12,1749,30,2,0,"['shorts', 'viral', 'shorts ngakak viral indonesia']",2026-09-28 14:52:34.992646+00:00,YOUTUBE_API_VIRAL_SEARCH,"GOONER loh ya💀#countryhumans #countryballs #shorts #viral #video #viralvideo #animation #indonesia Countryhuman Indonesia
Countryhuman meme
Countryhuman compilation
Countryhuman Amv
Countryhuman Palestina

Countryhuman meme
Countryhuman animation
Countryhuman Indonesia
Countryhuman Palestine
Countryhuman compilation

Abaikan hanya tag:
comics #shorts #viral #video #viralvideo #animation #indonesi","countryhumans, countryballs, shorts, viral, video, viralvideo, animation, indonesia, shorts, viral, video, viralvideo, animation, indonesi",gooner loh ya countryhumans countryballs shorts viral video viralvideo animation indonesia countryhuman indonesia countryhuman meme countryhuman compilation countryhuman amv countryhuman palestina countryhuman meme countryhuman animation countryhuman indonesia countryhuman palestine countryhuman compilation abaikan hanya tag comics shorts viral video viralvideo animation indonesi,"gooner, loh, ya, countryhumans, countryballs, shorts, viral, video, viralvideo, animation, indonesia, countryhuman, indonesia, countryhuman, meme, countryhuman, compilation, countryhuman, amv, countryhuman, palestina, countryhuman, meme, countryhuman, animation, countryhuman, indonesia, countryhuman, palestine, countryhuman, compilation, abaikan, hanya, tag, comics, shorts, viral, video, viralvideo, animation, indonesi",41,"gooner, loh, countryhumans, countryballs, shorts, viral, video, viralvideo, animation, indonesia, countryhuman, indonesia, countryhuman, meme, countryhuman, compilation, countryhuman, amv, countryhuman, palestina, countryhuman, meme, countryhuman, animation, countryhuman, indonesia, countryhuman, palestine, countryhuman, compilation, abaikan, tag, comics, shorts, viral, video, viralvideo, animation, indonesi",39,gooner loh countryhumans countryballs shorts viral video viralvideo animation indonesia countryhuman indonesia countryhuman meme countryhuman compilation countryhuman amv countryhuman palestina countryhuman meme countryhuman animation countryhuman indonesia countryhuman palestine countryhuman compilation abaikan tag comics shorts viral video viralvideo animation indonesi
youtube,UqIAetCWyCI,UCsn2IjqbZyyaKG8LDs8ZfHg,Kurniawan0698,Meme reaction #shorts #funny #komedi #lucu #viral #reaction #meme #story #ngakak #video lucu,"Meme reaction #shorts #funny #komedi #lucu #viral #reaction #meme #story #ngakak #video lucu

Tag:
 #memes #humor #absurd #shorts #short #story #meme #funny video #viral #lucu #kocak #komedi #ngakak #humor #video shorts lucu #shorts viral #shorts lucu #shorts ngakak #shorts story #shorts meme #short",2026-09-28 11:00:27+00:00,44,1486,32,1,0,"['viral', 'meme', 'Shorts', 'shorts', 'video lucu', 'ngakak', 'komedi', 'humor', 'memes', 'absurd', 'kocak', 'funny', 'shorts video lucu', 'shorts viral', 'asupan meme', 'asupan memes', 'dank memes compilation', 'emot batu', 'funny memes', 'meme indonesia reaction', 'meme terbaru', 'memes compilation', 'semua memes', 'tiktok compilation', 'dank memes indonesia', 'meme kompilasi', 'random para tolol', 'view', 'viral video', 'youtube', 'memes indo', 'pewdiepie', 'musik', 'the view', 'best memes compilation', 'funny videos', 'Meme Lucu', 'lucu', 'reaction']",2026-09-28 14:52:34.992646+00:00,YOUTUBE_API_VIRAL_SEARCH,"Meme reaction #shorts #funny #komedi #lucu #viral #reaction #meme #story #ngakak #video lucu Meme reaction #shorts #funny #komedi #lucu #viral #reaction #meme #story #ngakak #video lucu

Tag:
 #memes #humor #absurd #shorts #short #story #meme #funny video #viral #lucu #kocak #komedi #ngakak #humor #video shorts lucu #shorts viral #shorts lucu #shorts ngakak #shorts story #shorts meme #short","shorts, funny, komedi, lucu, viral, reaction, meme, story, ngakak, video, shorts, funny, komedi, lucu, viral, reaction, meme, story, ngakak, video, memes, humor, absurd, shorts, short, story, meme, funny, viral, lucu, kocak, komedi, ngakak, humor, video, shorts, shorts, shorts, shorts, shorts, short",meme reaction shorts funny komedi lucu viral reaction meme story ngakak video lucu meme reaction shorts funny komedi lucu viral reaction meme story ngakak video lucu tag memes humor absurd shorts short story meme funny video viral lucu kocak komedi ngakak humor video shorts lucu shorts viral shorts lucu shorts ngakak shorts story shorts meme short,"meme, reaction, shorts, funny, komedi, lucu, viral, reaction, meme, story, ngakak, video, lucu, meme, reaction, shorts, funny, komedi, lucu, viral, reaction, meme, story, ngakak, video, lucu, tag, memes, humor, absurd, shorts, short, story, meme, funny, video, viral, lucu, kocak, komedi, ngakak, humor, video, shorts, lucu, shorts, viral, shorts, lucu, shorts, ngakak, shorts, story, shorts, meme, short",56,"meme, reaction, shorts, funny, komedi, lucu, viral, reaction, meme, story, ngakak, video, lucu, meme, reaction, shorts, funny, komedi, lucu, viral, reaction, meme, story, ngakak, video, lucu, tag, memes, humor, absurd, shorts, short, story, meme, funny, video, viral, lucu, kocak, komedi, ngakak, humor, video, shorts, lucu, shorts, viral, shorts, lucu, shorts, ngakak, shorts, story, shorts, meme, short",56,meme reaction shorts funny komedi lucu viral reaction meme story ngakak video lucu meme reaction shorts funny komedi lucu viral reaction meme story ngakak video lucu tag memes humor absurd shorts short story meme funny video viral lucu kocak komedi ngakak humor video shorts lucu shorts viral shorts lucu shorts ngakak shorts story shorts meme short
youtube,Q55aRsSycjE,UCgm1hfmVVUzW9WdtYClFi2A,Mix Stop,Penjual Malaysia Bingung Saat Bule Tanya Asal Rendang!! #viralvideo #shorts #reaksibule,"bule coba makanan indonesia, reaksi bule makan indonesia, bule pertama kali makan indonesia, bule mukbang indonesia, bule review makanan indonesia, bule suka makanan indonesia, bule ketagihan makanan indonesia, bule di bali makan, mukbang indonesia, mukbang makanan indonesia, mukbang pedas indonesia",2026-09-27 12:16:07+00:00,44,43518,0,68,0,"['reaction', 'bule', 'streedfood', 'pedas', 'spicy', 'bikinkenyang', 'nusantara', 'mukbang', 'indonesia', 'seafood', 'kerang', 'cumi', 'kepiting', 'bali', 'canggu', 'solo', 'surabaya', 'jakarta', 'bakso', 'nasipadang', 'indomie', 'mieseedap', 'goreng', 'mie', 'kuliner', 'food', 'murah', 'vloger', 'india', 'massage', 'makanan', 'makanenak', 'viral', 'fyp', 'populer', 'kingcrab', 'beach', 'traditional', 'tradisional', 'papeda', 'papua', 'masak', 'membantu', 'RI', 'dokumen', 'cerita', 'masakbesar', 'foodvloger', 'petualangan', 'journal', 'keliling', 'berburu', 'memancing', 'hutan', 'nafsu', 'padang', 'rendang', 'nasikandar', 'europe', 'us', 'porsikuli', 'kalimantan', 'tren', 'trending']",2026-09-28 14:52:34.992646+00:00,YOUTUBE_API_VIRAL_SEARCH,"Penjual Malaysia Bingung Saat Bule Tanya Asal Rendang!! #viralvideo #shorts #reaksibule bule coba makanan indonesia, reaksi bule makan indonesia, bule pertama kali makan indonesia, bule mukbang indonesia, bule review makanan indonesia, bule suka makanan indonesia, bule ketagihan makanan indonesia, bule di bali makan, mukbang indonesia, mukbang makanan indonesia, mukbang pedas indonesia","viralvideo, shorts, reaksibule",penjual malaysia bingung saat bule tanya asal rendang viralvideo shorts reaksibule bule coba makanan indonesia reaksi bule makan indonesia bule pertama kali makan indonesia bule mukbang indonesia bule review makanan indonesia bule suka makanan indonesia bule ketagihan makanan indonesia bule di bali makan mukbang indonesia mukbang makanan indonesia mukbang pedas indonesia,"penjual, malaysia, bingung, saat, bule, tanya, asal, rendang, viralvideo, shorts, reaksibule, bule, coba, makanan, indonesia, reaksi, bule, makan, indonesia, bule, pertama, kali, makan, indonesia, bule, mukbang, indonesia, bule, review, makanan, indonesia, bule, suka, makanan, indonesia, bule, ketagihan, makanan, indonesia, bule, di, bali, makan, mukbang, indonesia, mukbang, makanan, indonesia, mukbang, pedas, indonesia",51,"penjual, malaysia, bingung, bule, rendang, viralvideo, shorts, reaksibule, bule, coba, makanan, indonesia, reaksi, bule, makan, indonesia, bule, kali, makan, indonesia, bule, mukbang, indonesia, bule, review, makanan, indonesia, bule, suka, makanan, indonesia, bule, ketagihan, makanan, indonesia, bule, bali, makan, mukbang, indonesia, mukbang, makanan, indonesia, mukbang, pedas, indonesia",46,penjual malaysia bingung bule rendang viralvideo shorts reaksibule bule coba makanan indonesia reaksi bule makan indonesia bule kali makan indonesia bule mukbang indonesia bule review makanan indonesia bule suka makanan indonesia bule ketagihan makanan indonesia bule bali makan mukbang indonesia mukbang makanan indonesia mukbang pedas indonesia
youtube,kd2KPXeGq2Y,UCA5jYLH5AiulUMM24C5KrsA,Pesona sekitar,"Bule Prancis Terlalu Pede Goreng Kerupuk, Endingnya Malah Luber!  #kerupukindonesia #shorts","Pasangan asal Prancis ini pertama kali mencoba menggoreng kerupuk Indonesia.  Awalnya mereka dibuat kaget karena kerupuk mentah bisa mengembang hanya dalam beberapa detik. Setelah berhasil mencobanya, Mas Bule malah merasa sudah jago dan memasukkan segenggam kerupuk sekaligus ke minyak panas. Hasiln",2026-09-27 11:30:16+00:00,34,14949,97,0,0,"['shorts', 'viral', 'shorts kuliner viral indonesia']",2026-09-28 14:52:34.992646+00:00,YOUTUBE_API_VIRAL_SEARCH,"Bule Prancis Terlalu Pede Goreng Kerupuk, Endingnya Malah Luber!  #kerupukindonesia #shorts Pasangan asal Prancis ini pertama kali mencoba menggoreng kerupuk Indonesia.  Awalnya mereka dibuat kaget karena kerupuk mentah bisa mengembang hanya dalam beberapa detik. Setelah berhasil mencobanya, Mas Bule malah merasa sudah jago dan memasukkan segenggam kerupuk sekaligus ke minyak panas. Hasiln","kerupukindonesia, shorts",bule prancis terlalu pede goreng kerupuk endingnya malah luber kerupukindonesia shorts pasangan asal prancis ini pertama kali mencoba menggoreng kerupuk indonesia awalnya mereka dibuat kaget karena kerupuk mentah bisa mengembang hanya dalam beberapa detik setelah berhasil mencobanya mas bule malah merasa sudah jago dan memasukkan segenggam kerupuk sekaligus ke minyak panas hasiln,"bule, prancis, terlalu, pede, goreng, kerupuk, endingnya, malah, luber, kerupukindonesia, shorts, pasangan, asal, prancis, ini, pertama, kali, mencoba, menggoreng, kerupuk, indonesia, awalnya, mereka, dibuat, kaget, karena, kerupuk, mentah, bisa, mengembang, hanya, dalam, beberapa, detik, setelah, berhasil, mencobanya, mas, bule, malah, merasa, sudah, jago, dan, memasukkan, segenggam, kerupuk, sekaligus, ke, minyak, panas, hasiln",52,"bule, prancis, pede, goreng, kerupuk, endingnya, luber, kerupukindonesia, shorts, pasangan, prancis, kali, mencoba, menggoreng, kerupuk, indonesia, kaget, kerupuk, mentah, mengembang, detik, berhasil, mencobanya, mas, bule, jago, memasukkan, segenggam, kerupuk, minyak, panas, hasiln",32,bule prancis pede goreng kerupuk endingnya luber kerupukindonesia shorts pasangan prancis kali mencoba menggoreng kerupuk indonesia kaget kerupuk mentah mengembang detik berhasil mencobanya mas bule jago memasukkan segenggam kerupuk minyak panas hasiln
youtube,ql1oGrxc9Hs,UCgm1hfmVVUzW9WdtYClFi2A,Mix Stop,Jajanan Inggris Mahal! Mbak Bule Sampai Borong Indomaret! #viralvideo #shorts #reaksibule,"bule coba makanan indonesia, reaksi bule makan indonesia, bule pertama kali makan indonesia, bule mukbang indonesia, bule review makanan indonesia, bule suka makanan indonesia, bule ketagihan makanan indonesia, bule di bali makan, mukbang indonesia, mukbang makanan indonesia, mukbang pedas indonesia",2026-09-28 12:19:54+00:00,27,6412,0,0,0,"['reaction', 'bule', 'streedfood', 'pedas', 'spicy', 'bikinkenyang', 'nusantara', 'mukbang', 'indonesia', 'seafood', 'kerang', 'cumi', 'kepiting', 'bali', 'canggu', 'solo', 'surabaya', 'jakarta', 'bakso', 'nasipadang', 'indomie', 'mieseedap', 'goreng', 'mie', 'kuliner', 'food', 'murah', 'vloger', 'india', 'massage', 'makanan', 'makanenak', 'viral', 'fyp', 'populer', 'kingcrab', 'beach', 'traditional', 'tradisional', 'papeda', 'papua', 'masak', 'membantu', 'RI', 'dokumen', 'cerita', 'masakbesar', 'foodvloger', 'petualangan', 'journal', 'keliling', 'berburu', 'memancing', 'hutan', 'nafsu', 'padang', 'rendang', 'nasikandar', 'europe', 'us', 'porsikuli', 'kalimantan', 'tren', 'trending']",2026-09-28 14:52:34.992646+00:00,YOUTUBE_API_VIRAL_SEARCH,"Jajanan Inggris Mahal! Mbak Bule Sampai Borong Indomaret! #viralvideo #shorts #reaksibule bule coba makanan indonesia, reaksi bule makan indonesia, bule pertama kali makan indonesia, bule mukbang indonesia, bule review makanan indonesia, bule suka makanan indonesia, bule ketagihan makanan indonesia, bule di bali makan, mukbang indonesia, mukbang makanan indonesia, mukbang pedas indonesia","viralvideo, shorts, reaksibule",jajanan inggris mahal mbak bule sampai borong indomaret viralvideo shorts reaksibule bule coba makanan indonesia reaksi bule makan indonesia bule pertama kali makan indonesia bule mukbang indonesia bule review makanan indonesia bule suka makanan indonesia bule ketagihan makanan indonesia bule di bali makan mukbang indonesia mukbang makanan indonesia mukbang pedas indonesia,"jajanan, inggris, mahal, mbak, bule, sampai, borong, indomaret, viralvideo, shorts, reaksibule, bule, coba, makanan, indonesia, reaksi, bule, makan, indonesia, bule, pertama, kali, makan, indonesia, bule, mukbang, indonesia, bule, review, makanan, indonesia, bule, suka, makanan, indonesia, bule, ketagihan, makanan, indonesia, bule, di, bali, makan, mukbang, indonesia, mukbang, makanan, indonesia, mukbang, pedas, indonesia",51,"jajanan, inggris, mahal, mbak, bule, borong, indomaret, viralvideo, shorts, reaksibule, bule, coba, makanan, indonesia, reaksi, bule, makan, indonesia, bule, kali, makan, indonesia, bule, mukbang, indonesia, bule, review, makanan, indonesia, bule, suka, makanan, indonesia, bule, ketagihan, makanan, indonesia, bule, bali, makan, mukbang, indonesia, mukbang, makanan, indonesia, mukbang, pedas, indonesia",48,jajanan inggris mahal mbak bule borong indomaret viralvideo shorts reaksibule bule coba makanan indonesia reaksi bule makan indonesia bule kali makan indonesia bule mukbang indonesia bule review makanan indonesia bule suka makanan indonesia bule ketagihan makanan indonesia bule bali makan mukbang indonesia mukbang makanan indonesia mukbang pedas indonesia
youtube,uIqx6iYSf8U,UCyn4GEk15kAIeUWW1dZGSXw,Siskiu,"Ada Lowongan Kerja, Bun? 😆 #shorts #funny",#shorts #ytshorts #reels #fyp #fypindonesia #viral #viralshorts #feedshorts #trendingshorts #masukberanda #berandayoutube #kebab #kebabviral #kuliner #kulinerindonesia #kulinerviral #jajanan #jajananviral #makananviral #menuBaru #tokobaru #usahakuliner #umkm #umkmindonesia #owner #bisniskuliner #net,2026-09-27 06:30:08+00:00,6,2999,16,0,0,"['shorts', 'viral', 'shorts kuliner viral indonesia']",2026-09-28 14:52:34.992646+00:00,YOUTUBE_API_VIRAL_SEARCH,"Ada Lowongan Kerja, Bun? 😆 #shorts #funny #shorts #ytshorts #reels #fyp #fypindonesia #viral #viralshorts #feedshorts #trendingshorts #masukberanda #berandayoutube #kebab #kebabviral #kuliner #kulinerindonesia #kulinerviral #jajanan #jajananviral #makananviral #menuBaru #tokobaru #usahakuliner #umkm #umkmindonesia #owner #bisniskuliner #net","shorts, funny, shorts, ytshorts, reels, fyp, fypindonesia, viral, viralshorts, feedshorts, trendingshorts, masukberanda, berandayoutube, kebab, kebabviral, kuliner, kulinerindonesia, kulinerviral, jajanan, jajananviral, makananviral, menubaru, tokobaru, usahakuliner, umkm, umkmindonesia, owner, bisniskuliner, net",ada lowongan kerja bun shorts funny shorts ytshorts reels fyp fypindonesia viral viralshorts feedshorts trendingshorts masukberanda berandayoutube kebab kebabviral kuliner kulinerindonesia kulinerviral jajanan jajananviral makananviral menubaru tokobaru usahakuliner umkm umkmindonesia owner bisniskuliner net,"ada, lowongan, kerja, bun, shorts, funny, shorts, ytshorts, reels, fyp, fypindonesia, viral, viralshorts, feedshorts, trendingshorts, masukberanda, berandayoutube, kebab, kebabviral, kuliner, kulinerindonesia, kulinerviral, jajanan, jajananviral, makananviral, menubaru, tokobaru, usahakuliner, umkm, umkmindonesia, owner, bisniskuliner, net",33,"lowongan, kerja, bun, shorts, funny, shorts, ytshorts, reels, fyp, fypindonesia, viral, viralshorts, feedshorts, trendingshorts, masukberanda, berandayoutube, kebab, kebabviral, kuliner, kulinerindonesia, kulinerviral, jajanan, jajananviral, makananviral, menubaru, tokobaru, usahakuliner, umkm, umkmindonesia, owner, bisniskuliner, net",32,lowongan kerja bun shorts funny shorts ytshorts reels fyp fypindonesia viral viralshorts feedshorts trendingshorts masukberanda berandayoutube kebab kebabviral kuliner kulinerindonesia kulinerviral jajanan jajananviral makananviral menubaru tokobaru usahakuliner umkm umkmindonesia owner bisniskuliner net
youtube,Z4nN-EvoJ6g,UCAw_c-VqDs0nZtiC1arBn6Q,Jejak Lahap Indonesia,Gulai 2000 thn lalu  #jejaklahapindonesia #shorts  #makananindonesia #gastronomiindonesia,"Episode 030 JEJAK LAHAP INDONESIA


Contact :
Email : jejaklahabindonesia@gmail.com

#jejaklahapindonesia #gastronomiindonesia #kulinerindonesia #indonesianfood #indonesiancooking #podcastindonesia #viralindonesia  #winnysoendaroe #indonesiancookingchannel #cooking #resepmasakan #podcastindonesia #m",2026-09-27 02:00:13+00:00,39,1192,12,0,0,"['resep tradisionil', 'masakan indonesia', 'resep original indonesia', 'kuliner indonesia', 'pusaka rasa nusantara', 'lahap indonesia', 'jejak lahap', 'jejak lahap indonesia']",2026-09-28 14:52:34.992646+00:00,YOUTUBE_API_VIRAL_SEARCH,"Gulai 2000 thn lalu  #jejaklahapindonesia #shorts  #makananindonesia #gastronomiindonesia Episode 030 JEJAK LAHAP INDONESIA


Contact :
Email : jejaklahabindonesia@gmail.com

#jejaklahapindonesia #gastronomiindonesia #kulinerindonesia #indonesianfood #indonesiancooking #podcastindonesia #viralindonesia  #winnysoendaroe #indonesiancookingchannel #cooking #resepmasakan #podcastindonesia #m","jejaklahapindonesia, shorts, makananindonesia, gastronomiindonesia, jejaklahapindonesia, gastronomiindonesia, kulinerindonesia, indonesianfood, indonesiancooking, podcastindonesia, viralindonesia, winnysoendaroe, indonesiancookingchannel, cooking, resepmasakan, podcastindonesia, m",gulai 2000 thn lalu jejaklahapindonesia shorts makananindonesia gastronomiindonesia episode 030 jejak lahap indonesia contact email jejaklahabindonesia com jejaklahapindonesia gastronomiindonesia kulinerindonesia indonesianfood indonesiancooking podcastindonesia viralindonesia winnysoendaroe indonesiancookingchannel cooking resepmasakan podcastindonesia m,"gulai, thn, lalu, jejaklahapindonesia, shorts, makananindonesia, gastronomiindonesia, episode, jejak, lahap, indonesia, contact, email, jejaklahabindonesia, com, jejaklahapindonesia, gastronomiindonesia, kulinerindonesia, indonesianfood, indonesiancooking, podcastindonesia, viralindonesia, winnysoendaroe, indonesiancookingchannel, cooking, resepmasakan, podcastindonesia",27,"gulai, thn, jejaklahapindonesia, shorts, makananindonesia, gastronomiindonesia, episode, jejak, lahap, indonesia, contact, email, jejaklahabindonesia, com, jejaklahapindonesia, gastronomiindonesia, kulinerindonesia, indonesianfood, indonesiancooking, podcastindonesia, viralindonesia, winnysoendaroe, indonesiancookingchannel, cooking, resepmasakan, podcastindonesia",26,gulai thn jejaklahapindonesia shorts makananindonesia gastronomiindonesia episode jejak lahap indonesia contact email jejaklahabindonesia com jejaklahapindonesia gastronomiindonesia kulinerindonesia indonesianfood indonesiancooking podcastindonesia viralindonesia winnysoendaroe indonesiancookingchannel cooking resepmasakan podcastindonesia
youtube,WgZMISHEqOs,UC6_eL0hklYs0HJsl_SF__TQ,ROBERT POV,PASANGAN BULE INI AKHIRNYA BERANI MENCOBA BAKSO #reaksibule #shorts #viralvideo,"astrid s,astrid s lyrics,astrid,astrid smeplass,astri s,astrid s songs,astrid s live,astrid s lyric video,astri smeplass,astrid s dscvr,astrid lyrics,astrids,astri,astrid s hurts so good,astrid s vevo,lyrics astrid s,astrid s down low,astrid s two hands,two hands astrid s,yodeling astrid s,astrid s",2026-09-28 10:52:19+00:00,55,940,12,0,0,"['shorts', 'viral', 'shorts kuliner viral indonesia']",2026-09-28 14:52:34.992646+00:00,YOUTUBE_API_VIRAL_SEARCH,"PASANGAN BULE INI AKHIRNYA BERANI MENCOBA BAKSO #reaksibule #shorts #viralvideo astrid s,astrid s lyrics,astrid,astrid smeplass,astri s,astrid s songs,astrid s live,astrid s lyric video,astri smeplass,astrid s dscvr,astrid lyrics,astrids,astri,astrid s hurts so good,astrid s vevo,lyrics astrid s,astrid s down low,astrid s two hands,two hands astrid s,yodeling astrid s,astrid s","reaksibule, shorts, viralvideo",pasangan bule ini akhirnya berani mencoba bakso reaksibule shorts viralvideo astrid s astrid s lyrics astrid astrid smeplass astri s astrid s songs astrid s live astrid s lyric video astri smeplass astrid s dscvr astrid lyrics astrids astri astrid s hurts so good astrid s vevo lyrics astrid s astrid s down low astrid s two hands two hands astrid s yodeling astrid s astrid s,"pasangan, bule, ini, akhirnya, berani, mencoba, bakso, reaksibule, shorts, viralvideo, astrid, astrid, lyrics, astrid, astrid, smeplass, astri, astrid, songs, astrid, live, astrid, lyric, video, astri, smeplass, astrid, dscvr, astrid, lyrics, astrids, astri, astrid, hurts, so, good, astrid, vevo, lyrics, astrid, astrid, down, low, astrid, two, hands, two, hands, astrid, yodeling, astrid, astrid",52,"pasangan, bule, berani, mencoba, bakso, reaksibule, shorts, viralvideo, astrid, astrid, lyrics, astrid, astrid, smeplass, astri, astrid, songs, astrid, live, astrid, lyric, video, astri, smeplass, astrid, dscvr, astrid, lyrics, astrids, astri, astrid, hurts, good, astrid, vevo, lyrics, astrid, astrid, low, astrid, two, hands, two, hands, astrid, yodeling, astrid, astrid",48,pasangan bule berani mencoba bakso reaksibule shorts viralvideo astrid astrid lyrics astrid astrid smeplass astri astrid songs astrid live astrid lyric video astri smeplass astrid dscvr astrid lyrics astrids astri astrid hurts good astrid vevo lyrics astrid astrid low astrid two hands two hands astrid yodeling astrid astrid
youtube,No7fRoRuAwI,UCRDka9DZ0eTYFgtqrP8LqcQ,Kelakuan Bule,DI JEPANG LAGI VIRAL KERUPUK GORENG ‼️#reaksibule #shorts #viralvideo,"astrid s,astrid s lyrics,astrid,astrid smeplass,astri s,astrid s songs,astrid s live,astrid s lyric video,astri smeplass,astrid s dscvr,astrid lyrics,astrids,astri,astrid s hurts so good,astrid s vevo,lyrics astrid s,astrid s down low,astrid s two hands,two hands astrid s,yodeling astrid s,astrid s",2026-09-28 12:02:15+00:00,35,2285,86,0,0,"['shorts', 'viral', 'shorts kuliner viral indonesia']",2026-09-28 14:52:34.992646+00:00,YOUTUBE_API_VIRAL_SEARCH,"DI JEPANG LAGI VIRAL KERUPUK GORENG ‼️#reaksibule #shorts #viralvideo astrid s,astrid s lyrics,astrid,astrid smeplass,astri s,astrid s songs,astrid s live,astrid s lyric video,astri smeplass,astrid s dscvr,astrid lyrics,astrids,astri,astrid s hurts so good,astrid s vevo,lyrics astrid s,astrid s down low,astrid s two hands,two hands astrid s,yodeling astrid s,astrid s","reaksibule, shorts, viralvideo",di jepang lagi viral kerupuk goreng reaksibule shorts viralvideo astrid s astrid s lyrics astrid astrid smeplass astri s astrid s songs astrid s live astrid s lyric video astri smeplass astrid s dscvr astrid lyrics astrids astri astrid s hurts so good astrid s vevo lyrics astrid s astrid s down low astrid s two hands two hands astrid s yodeling astrid s astrid s,"di, jepang, lagi, viral, kerupuk, goreng, reaksibule, shorts, viralvideo, astrid, astrid, lyrics, astrid, astrid, smeplass, astri, astrid, songs, astrid, live, astrid, lyric, video, astri, smeplass, astrid, dscvr, astrid, lyrics, astrids, astri, astrid, hurts, so, good, astrid, vevo, lyrics, astrid, astrid, down, low, astrid, two, hands, two, hands, astrid, yodeling, astrid, astrid",51,"jepang, viral, kerupuk, goreng, reaksibule, shorts, viralvideo, astrid, astrid, lyrics, astrid, astrid, smeplass, astri, astrid, songs, astrid, live, astrid, lyric, video, astri, smeplass, astrid, dscvr, astrid, lyrics, astrids, astri, astrid, hurts, good, astrid, vevo, lyrics, astrid, astrid, low, astrid, two, hands, two, hands, astrid, yodeling, astrid, astrid",47,jepang viral kerupuk goreng reaksibule shorts viralvideo astrid astrid lyrics astrid astrid smeplass astri astrid songs astrid live astrid lyric video astri smeplass astrid dscvr astrid lyrics astrids astri astrid hurts good astrid vevo lyrics astrid astrid low astrid two hands two hands astrid yodeling astrid astrid
youtube,Hj6oUcqyu4E,UCSIkM29i0GeZAawmExSR8cw,kita_nusantara,Rendang Jengkol #makan #makanan #masakanrumahan #masakanindonesia #viral #shorts,"Siapa yang bisa nolak pesona pesona kuliner Nusantara? 🇮🇩✨ Di video kali ini, kita bakal ngiler bareng melihat betapa kayanya rasa masakan Indonesia!

Dari Sabang sampai Merauke, setiap piring masakan Indonesia selalu menceritakan sejarah, budaya, dan kekayaan rempah yang luar biasa. Pernah nggak si",2026-09-26 22:56:14+00:00,31,1151,30,0,0,"['shorts', 'viral', 'shorts kuliner viral indonesia']",2026-09-28 14:52:34.992646+00:00,YOUTUBE_API_VIRAL_SEARCH,"Rendang Jengkol #makan #makanan #masakanrumahan #masakanindonesia #viral #shorts Siapa yang bisa nolak pesona pesona kuliner Nusantara? 🇮🇩✨ Di video kali ini, kita bakal ngiler bareng melihat betapa kayanya rasa masakan Indonesia!

Dari Sabang sampai Merauke, setiap piring masakan Indonesia selalu menceritakan sejarah, budaya, dan kekayaan rempah yang luar biasa. Pernah nggak si","makan, makanan, masakanrumahan, masakanindonesia, viral, shorts",rendang jengkol makan makanan masakanrumahan masakanindonesia viral shorts siapa yang bisa nolak pesona pesona kuliner nusantara di video kali ini kita bakal ngiler bareng melihat betapa kayanya rasa masakan indonesia dari sabang sampai merauke setiap piring masakan indonesia selalu menceritakan sejarah budaya dan kekayaan rempah yang luar biasa pernah nggak si,"rendang, jengkol, makan, makanan, masakanrumahan, masakanindonesia, viral, shorts, siapa, yang, bisa, nolak, pesona, pesona, kuliner, nusantara, di, video, kali, ini, kita, bakal, ngiler, bareng, melihat, betapa, kayanya, rasa, masakan, indonesia, dari, sabang, sampai, merauke, setiap, piring, masakan, indonesia, selalu, menceritakan, sejarah, budaya, dan, kekayaan, rempah, yang, luar, biasa, pernah, nggak, si",51,"rendang, jengkol, makan, makanan, masakanrumahan, masakanindonesia, viral, shorts, nolak, pesona, pesona, kuliner, nusantara, video, kali, ngiler, bareng, betapa, kayanya, masakan, indonesia, sabang, merauke, piring, masakan, indonesia, menceritakan, sejarah, budaya, kekayaan, rempah, si",32,rendang jengkol makan makanan masakanrumahan masakanindonesia viral shorts nolak pesona pesona kuliner nusantara video kali ngiler bareng betapa kayanya masakan indonesia sabang merauke piring masakan indonesia menceritakan sejarah budaya kekayaan rempah si
youtube,2A4zTP2HCco,UCluHEuHmZEnlwP00Tag_H7g,Viral Food,This Viral Indonesian Egg Martabak Is So Delicious! 🤤🇮🇩#Shorts,"Discover this delicious Indonesian street food! 🇮🇩 Egg martabak is a popular snack filled with eggs, fresh vegetables, and flavorful seasonings, all wrapped in crispy golden-brown dough.
Would you try this mouthwatering Indonesian street food? Let us know in the comment 



#martabakTelur #Indonesia",2026-09-27 23:00:27+00:00,33,1183,8,1,0,"['martabak telur', 'egg martabak', 'Indonesian food', 'Indonesian street food', 'viral food Indonesia', 'street food', 'egg pancake', 'martabak recipe', 'crispy martabak', 'Indonesian snacks', 'food shorts', 'viral food', 'Asian street food', 'delicious food', 'food lovers']",2026-09-28 14:52:34.992646+00:00,YOUTUBE_API_VIRAL_SEARCH,"This Viral Indonesian Egg Martabak Is So Delicious! 🤤🇮🇩#Shorts Discover this delicious Indonesian street food! 🇮🇩 Egg martabak is a popular snack filled with eggs, fresh vegetables, and flavorful seasonings, all wrapped in crispy golden-brown dough.
Would you try this mouthwatering Indonesian street food? Let us know in the comment 



#martabakTelur #Indonesia","shorts, martabaktelur, indonesia",this viral indonesian egg martabak is so delicious shorts discover this delicious indonesian street food egg martabak is a popular snack filled with eggs fresh vegetables and flavorful seasonings all wrapped in crispy golden brown dough would you try this mouthwatering indonesian street food let us know in the comment martabaktelur indonesia,"this, viral, indonesian, egg, martabak, is, so, delicious, shorts, discover, this, delicious, indonesian, street, food, egg, martabak, is, popular, snack, filled, with, eggs, fresh, vegetables, and, flavorful, seasonings, all, wrapped, in, crispy, golden, brown, dough, would, you, try, this, mouthwatering, indonesian, street, food, let, us, know, in, the, comment, martabaktelur, indonesia",51,"viral, indonesian, egg, martabak, delicious, shorts, discover, delicious, indonesian, street, food, egg, martabak, popular, snack, filled, eggs, fresh, vegetables, flavorful, seasonings, wrapped, crispy, golden, brown, dough, try, mouthwatering, indonesian, street, food, let, us, know, comment, martabaktelur, indonesia",37,viral indonesian egg martabak delicious shorts discover delicious indonesian street food egg martabak popular snack filled eggs fresh vegetables flavorful seasonings wrapped crispy golden brown dough try mouthwatering indonesian street food let us know comment martabaktelur indonesia
youtube,MQYh0R1nlW8,UCSIkM29i0GeZAawmExSR8cw,kita_nusantara,gulai tulang kambing #makan #makanan #masakanrumahan #masakanindonesia #viral #shorts,"Siapa yang bisa nolak pesona pesona kuliner Nusantara? 🇮🇩✨ Di video kali ini, kita bakal ngiler bareng melihat betapa kayanya rasa masakan Indonesia!

Dari Sabang sampai Merauke, setiap piring masakan Indonesia selalu menceritakan sejarah, budaya, dan kekayaan rempah yang luar biasa. Pernah nggak si",2026-09-27 22:23:22+00:00,31,571,28,0,0,"['shorts', 'viral', 'shorts kuliner viral indonesia']",2026-09-28 14:52:34.992646+00:00,YOUTUBE_API_VIRAL_SEARCH,"gulai tulang kambing #makan #makanan #masakanrumahan #masakanindonesia #viral #shorts Siapa yang bisa nolak pesona pesona kuliner Nusantara? 🇮🇩✨ Di video kali ini, kita bakal ngiler bareng melihat betapa kayanya rasa masakan Indonesia!

Dari Sabang sampai Merauke, setiap piring masakan Indonesia selalu menceritakan sejarah, budaya, dan kekayaan rempah yang luar biasa. Pernah nggak si","makan, makanan, masakanrumahan, masakanindonesia, viral, shorts",gulai tulang kambing makan makanan masakanrumahan masakanindonesia viral shorts siapa yang bisa nolak pesona pesona kuliner nusantara di video kali ini kita bakal ngiler bareng melihat betapa kayanya rasa masakan indonesia dari sabang sampai merauke setiap piring masakan indonesia selalu menceritakan sejarah budaya dan kekayaan rempah yang luar biasa pernah nggak si,"gulai, tulang, kambing, makan, makanan, masakanrumahan, masakanindonesia, viral, shorts, siapa, yang, bisa, nolak, pesona, pesona, kuliner, nusantara, di, video, kali, ini, kita, bakal, ngiler, bareng, melihat, betapa, kayanya, rasa, masakan, indonesia, dari, sabang, sampai, merauke, setiap, piring, masakan, indonesia, selalu, menceritakan, sejarah, budaya, dan, kekayaan, rempah, yang, luar, biasa, pernah, nggak, si",52,"gulai, tulang, kambing, makan, makanan, masakanrumahan, masakanindonesia, viral, shorts, nolak, pesona, pesona, kuliner, nusantara, video, kali, ngiler, bareng, betapa, kayanya, masakan, indonesia, sabang, merauke, piring, masakan, indonesia, menceritakan, sejarah, budaya, kekayaan, rempah, si",33,gulai tulang kambing makan makanan masakanrumahan masakanindonesia viral shorts nolak pesona pesona kuliner nusantara video kali ngiler bareng betapa kayanya masakan indonesia sabang merauke piring masakan indonesia menceritakan sejarah budaya kekayaan rempah si
youtube,468-mlwQopk,UCCRCYQ_6A2BkwWLJ8XoWCqQ,No Idea Kitchen🍳,Indonesian Fried Chicken🍗 ไก่ทอดอินโดนีเซีย  #food #viral #cooking #shorts,"Indonesian Fried Chicken🍗 ไก่ทอดอินโดนีเซีย  
#food #viral #cooking #shorts #ai",2026-09-28 10:34:31+00:00,26,817,11,0,0,"['shorts', 'viral', 'shorts kuliner viral indonesia']",2026-09-28 14:52:34.992646+00:00,YOUTUBE_API_VIRAL_SEARCH,"Indonesian Fried Chicken🍗 ไก่ทอดอินโดนีเซีย  #food #viral #cooking #shorts Indonesian Fried Chicken🍗 ไก่ทอดอินโดนีเซีย  
#food #viral #cooking #shorts #ai","food, viral, cooking, shorts, food, viral, cooking, shorts, ai",indonesian fried chicken ไก ทอดอ นโดน เซ ย food viral cooking shorts indonesian fried chicken ไก ทอดอ นโดน เซ ย food viral cooking shorts ai,"indonesian, fried, chicken, food, viral, cooking, shorts, indonesian, fried, chicken, food, viral, cooking, shorts, ai",15,"indonesian, fried, chicken, food, viral, cooking, shorts, indonesian, fried, chicken, food, viral, cooking, shorts, ai",15,indonesian fried chicken food viral cooking shorts indonesian fried chicken food viral cooking shorts ai
youtube,19ZMgPQit2w,UCGzRTC8EKtwMFAeWlJSSJYw,SNS Studio - Reaksi Bule,BULE MARAH PADA ART INDONESIA NYA GARA-GARA ALASAN TAK TERDUGA #reaksibule #shorts #viralvideo,"reaksi bule, foreign reaction, expat reaction, bule di indonesia, orang asing ke indonesia, foreigner reacts indonesia, bule kaget indonesia, indonesia through foreign eyes, youtube shorts, shorts, youtube shorts indonesia, video pendek, youtube shorts viral, shorts viral, shorts indonesia, video vi",2026-09-28 14:00:37+00:00,45,8297,0,1,0,"['shorts', 'viral', 'shorts kuliner viral indonesia']",2026-09-28 14:52:34.992646+00:00,YOUTUBE_API_VIRAL_SEARCH,"BULE MARAH PADA ART INDONESIA NYA GARA-GARA ALASAN TAK TERDUGA #reaksibule #shorts #viralvideo reaksi bule, foreign reaction, expat reaction, bule di indonesia, orang asing ke indonesia, foreigner reacts indonesia, bule kaget indonesia, indonesia through foreign eyes, youtube shorts, shorts, youtube shorts indonesia, video pendek, youtube shorts viral, shorts viral, shorts indonesia, video vi","reaksibule, shorts, viralvideo",bule marah pada art indonesia nya gara gara alasan tak terduga reaksibule shorts viralvideo reaksi bule foreign reaction expat reaction bule di indonesia orang asing ke indonesia foreigner reacts indonesia bule kaget indonesia indonesia through foreign eyes youtube shorts shorts youtube shorts indonesia video pendek youtube shorts viral shorts viral shorts indonesia video vi,"bule, marah, pada, art, indonesia, nya, gara, gara, alasan, tak, terduga, reaksibule, shorts, viralvideo, reaksi, bule, foreign, reaction, expat, reaction, bule, di, indonesia, orang, asing, ke, indonesia, foreigner, reacts, indonesia, bule, kaget, indonesia, indonesia, through, foreign, eyes, youtube, shorts, shorts, youtube, shorts, indonesia, video, pendek, youtube, shorts, viral, shorts, viral, shorts, indonesia, video, vi",54,"bule, marah, art, indonesia, nya, gara, gara, alasan, terduga, reaksibule, shorts, viralvideo, reaksi, bule, foreign, reaction, expat, reaction, bule, indonesia, orang, asing, indonesia, foreigner, reacts, indonesia, bule, kaget, indonesia, indonesia, foreign, eyes, youtube, shorts, shorts, youtube, shorts, indonesia, video, pendek, youtube, shorts, viral, shorts, viral, shorts, indonesia, video, vi",49,bule marah art indonesia nya gara gara alasan terduga reaksibule shorts viralvideo reaksi bule foreign reaction expat reaction bule indonesia orang asing indonesia foreigner reacts indonesia bule kaget indonesia indonesia foreign eyes youtube shorts shorts youtube shorts indonesia video pendek youtube shorts viral shorts viral shorts indonesia video vi
youtube,vu5rYJj26gs,UCAw_c-VqDs0nZtiC1arBn6Q,Jejak Lahap Indonesia,Bakso dari kambing  #jejaklahapindonesia #shorts  #makananindonesia  #gastronomiindonesia,"Episode 038 JEJAK LAHAP INDONESIA


Contact :
Email : jejaklahabindonesia@gmail.com

#jejaklahapindonesia #gastronomiindonesia #kulinerindonesia #indonesianfood #indonesiancooking #podcastindonesia #viralindonesia  #winnysoendaroe #indonesiancookingchannel #cooking #resepmasakan #podcastindonesia #m",2026-09-28 00:15:21+00:00,38,1256,11,0,0,"['resep tradisionil', 'masakan indonesia', 'resep original indonesia', 'kuliner indonesia', 'pusaka rasa nusantara', 'lahap indonesia', 'jejak lahap', 'jejak lahap indonesia']",2026-09-28 14:52:34.992646+00:00,YOUTUBE_API_VIRAL_SEARCH,"Bakso dari kambing  #jejaklahapindonesia #shorts  #makananindonesia  #gastronomiindonesia Episode 038 JEJAK LAHAP INDONESIA


Contact :
Email : jejaklahabindonesia@gmail.com

#jejaklahapindonesia #gastronomiindonesia #kulinerindonesia #indonesianfood #indonesiancooking #podcastindonesia #viralindonesia  #winnysoendaroe #indonesiancookingchannel #cooking #resepmasakan #podcastindonesia #m","jejaklahapindonesia, shorts, makananindonesia, gastronomiindonesia, jejaklahapindonesia, gastronomiindonesia, kulinerindonesia, indonesianfood, indonesiancooking, podcastindonesia, viralindonesia, winnysoendaroe, indonesiancookingchannel, cooking, resepmasakan, podcastindonesia, m",bakso dari kambing jejaklahapindonesia shorts makananindonesia gastronomiindonesia episode 038 jejak lahap indonesia contact email jejaklahabindonesia com jejaklahapindonesia gastronomiindonesia kulinerindonesia indonesianfood indonesiancooking podcastindonesia viralindonesia winnysoendaroe indonesiancookingchannel cooking resepmasakan podcastindonesia m,"bakso, dari, kambing, jejaklahapindonesia, shorts, makananindonesia, gastronomiindonesia, episode, jejak, lahap, indonesia, contact, email, jejaklahabindonesia, com, jejaklahapindonesia, gastronomiindonesia, kulinerindonesia, indonesianfood, indonesiancooking, podcastindonesia, viralindonesia, winnysoendaroe, indonesiancookingchannel, cooking, resepmasakan, podcastindonesia",27,"bakso, kambing, jejaklahapindonesia, shorts, makananindonesia, gastronomiindonesia, episode, jejak, lahap, indonesia, contact, email, jejaklahabindonesia, com, jejaklahapindonesia, gastronomiindonesia, kulinerindonesia, indonesianfood, indonesiancooking, podcastindonesia, viralindonesia, winnysoendaroe, indonesiancookingchannel, cooking, resepmasakan, podcastindonesia",26,bakso kambing jejaklahapindonesia shorts makananindonesia gastronomiindonesia episode jejak lahap indonesia contact email jejaklahabindonesia com jejaklahapindonesia gastronomiindonesia kulinerindonesia indonesianfood indonesiancooking podcastindonesia viralindonesia winnysoendaroe indonesiancookingchannel cooking resepmasakan podcastindonesia
youtube,7FrsGXxyk8I,UC-rMyZRwr3dPdz6i5J-fzGQ,mini vlog kamil,kuliner Nusantara Indonesia #kuliner #streetfood #shorts,"Makanan viral selalu diburu

minuman viral
minuman kekinian 
minuman hits 
minuman coklat 
makanan viral 
makanan kekinian 
makanan hits 
nasi goreng 
nasi aceh 
nasi padang 
nasi kuning 
mie goreng 
mie aceh 
mie lombok
masakan indonesia 
sate ayam 
sate madura 
sate padang 
pentol goreng
pentol re",2026-09-28 11:17:45+00:00,11,1033,6,0,0,"['shorts', 'viral', 'shorts kuliner viral indonesia']",2026-09-28 14:52:34.992646+00:00,YOUTUBE_API_VIRAL_SEARCH,"kuliner Nusantara Indonesia #kuliner #streetfood #shorts Makanan viral selalu diburu

minuman viral
minuman kekinian 
minuman hits 
minuman coklat 
makanan viral 
makanan kekinian 
makanan hits 
nasi goreng 
nasi aceh 
nasi padang 
nasi kuning 
mie goreng 
mie aceh 
mie lombok
masakan indonesia 
sate ayam 
sate madura 
sate padang 
pentol goreng
pentol re","kuliner, streetfood, shorts",kuliner nusantara indonesia kuliner streetfood shorts makanan viral selalu diburu minuman viral minuman kekinian minuman hits minuman coklat makanan viral makanan kekinian makanan hits nasi goreng nasi aceh nasi padang nasi kuning mie goreng mie aceh mie lombok masakan indonesia sate ayam sate madura sate padang pentol goreng pentol re,"kuliner, nusantara, indonesia, kuliner, streetfood, shorts, makanan, viral, selalu, diburu, minuman, viral, minuman, kekinian, minuman, hits, minuman, coklat, makanan, viral, makanan, kekinian, makanan, hits, nasi, goreng, nasi, aceh, nasi, padang, nasi, kuning, mie, goreng, mie, aceh, mie, lombok, masakan, indonesia, sate, ayam, sate, madura, sate, padang, pentol, goreng, pentol, re",50,"kuliner, nusantara, indonesia, kuliner, streetfood, shorts, makanan, viral, diburu, minuman, viral, minuman, kekinian, minuman, hits, minuman, coklat, makanan, viral, makanan, kekinian, makanan, hits, nasi, goreng, nasi, aceh, nasi, padang, nasi, kuning, mie, goreng, mie, aceh, mie, lombok, masakan, indonesia, sate, ayam, sate, madura, sate, padang, pentol, goreng, pentol, re",49,kuliner nusantara indonesia kuliner streetfood shorts makanan viral diburu minuman viral minuman kekinian minuman hits minuman coklat makanan viral makanan kekinian makanan hits nasi goreng nasi aceh nasi padang nasi kuning mie goreng mie aceh mie lombok masakan indonesia sate ayam sate madura sate padang pentol goreng pentol re
youtube,s-r0mRV6NOU,UCAw_c-VqDs0nZtiC1arBn6Q,Jejak Lahap Indonesia,"Sayur Asem, 1 nama beda gaya  #jejaklahapindonesia #shorts  #masakanindonesia  #gastronomiindonesia","Episode 039 JEJAK LAHAP INDONESIA


Contact :
Email : jejaklahabindonesia@gmail.com

#jejaklahapindonesia #gastronomiindonesia #kulinerindonesia #indonesianfood #indonesiancooking #podcastindonesia #viralindonesia  #winnysoendaroe #indonesiancookingchannel #cooking #resepmasakan #podcastindonesia #m",2026-09-28 13:00:00+00:00,31,814,2,0,0,"['resep tradisionil', 'masakan indonesia', 'resep original indonesia', 'kuliner indonesia', 'pusaka rasa nusantara', 'lahap indonesia', 'jejak lahap', 'jejak lahap indonesia']",2026-09-28 14:52:34.992646+00:00,YOUTUBE_API_VIRAL_SEARCH,"Sayur Asem, 1 nama beda gaya  #jejaklahapindonesia #shorts  #masakanindonesia  #gastronomiindonesia Episode 039 JEJAK LAHAP INDONESIA


Contact :
Email : jejaklahabindonesia@gmail.com

#jejaklahapindonesia #gastronomiindonesia #kulinerindonesia #indonesianfood #indonesiancooking #podcastindonesia #viralindonesia  #winnysoendaroe #indonesiancookingchannel #cooking #resepmasakan #podcastindonesia #m","jejaklahapindonesia, shorts, masakanindonesia, gastronomiindonesia, jejaklahapindonesia, gastronomiindonesia, kulinerindonesia, indonesianfood, indonesiancooking, podcastindonesia, viralindonesia, winnysoendaroe, indonesiancookingchannel, cooking, resepmasakan, podcastindonesia, m",sayur asem 1 nama beda gaya jejaklahapindonesia shorts masakanindonesia gastronomiindonesia episode 039 jejak lahap indonesia contact email jejaklahabindonesia com jejaklahapindonesia gastronomiindonesia kulinerindonesia indonesianfood indonesiancooking podcastindonesia viralindonesia winnysoendaroe indonesiancookingchannel cooking resepmasakan podcastindonesia m,"sayur, asem, nama, beda, gaya, jejaklahapindonesia, shorts, masakanindonesia, gastronomiindonesia, episode, jejak, lahap, indonesia, contact, email, jejaklahabindonesia, com, jejaklahapindonesia, gastronomiindonesia, kulinerindonesia, indonesianfood, indonesiancooking, podcastindonesia, viralindonesia, winnysoendaroe, indonesiancookingchannel, cooking, resepmasakan, podcastindonesia",29,"sayur, asem, nama, beda, gaya, jejaklahapindonesia, shorts, masakanindonesia, gastronomiindonesia, episode, jejak, lahap, indonesia, contact, email, jejaklahabindonesia, com, jejaklahapindonesia, gastronomiindonesia, kulinerindonesia, indonesianfood, indonesiancooking, podcastindonesia, viralindonesia, winnysoendaroe, indonesiancookingchannel, cooking, resepmasakan, podcastindonesia",29,sayur asem nama beda gaya jejaklahapindonesia shorts masakanindonesia gastronomiindonesia episode jejak lahap indonesia contact email jejaklahabindonesia com jejaklahapindonesia gastronomiindonesia kulinerindonesia indonesianfood indonesiancooking podcastindonesia viralindonesia winnysoendaroe indonesiancookingchannel cooking resepmasakan podcastindonesia
youtube,xe4G5bEnLyQ,UC3AICyN9c-RhvCP11s1ybYg,Alfatirs Channel,#Shorts #YouTubeShorts #ShortsIndonesia #FYP #Viral #affiliate #racunshopee #shopee #payday#ytshorts,,2026-09-27 14:23:25+00:00,24,2032,9,0,0,"['shorts', 'viral', 'racun shopee viral #shorts']",2026-09-28 14:52:34.992646+00:00,YOUTUBE_API_VIRAL_SEARCH,#Shorts #YouTubeShorts #ShortsIndonesia #FYP #Viral #affiliate #racunshopee #shopee #payday#ytshorts,"shorts, youtubeshorts, shortsindonesia, fyp, viral, affiliate, racunshopee, shopee, payday, ytshorts",shorts youtubeshorts shortsindonesia fyp viral affiliate racunshopee shopee payday ytshorts,"shorts, youtubeshorts, shortsindonesia, fyp, viral, affiliate, racunshopee, shopee, payday, ytshorts",10,"shorts, youtubeshorts, shortsindonesia, fyp, viral, affiliate, racunshopee, shopee, payday, ytshorts",10,shorts youtubeshorts shortsindonesia fyp viral affiliate racunshopee shopee payday ytshorts
youtube,pGHSRRrxhHc,UC3AICyN9c-RhvCP11s1ybYg,Alfatirs Channel,#Shorts #YouTubeShorts #ShortsIndonesia #FYP #Viral #affiliate #racunshopee  #payday #ytshorts,,2026-09-27 14:26:16+00:00,46,2232,14,0,0,"['shorts', 'viral', 'racun shopee viral #shorts']",2026-09-28 14:52:34.992646+00:00,YOUTUBE_API_VIRAL_SEARCH,#Shorts #YouTubeShorts #ShortsIndonesia #FYP #Viral #affiliate #racunshopee  #payday #ytshorts,"shorts, youtubeshorts, shortsindonesia, fyp, viral, affiliate, racunshopee, payday, ytshorts",shorts youtubeshorts shortsindonesia fyp viral affiliate racunshopee payday ytshorts,"shorts, youtubeshorts, shortsindonesia, fyp, viral, affiliate, racunshopee, payday, ytshorts",9,"shorts, youtubeshorts, shortsindonesia, fyp, viral, affiliate, racunshopee, payday, ytshorts",9,shorts youtubeshorts shortsindonesia fyp viral affiliate racunshopee payday ytshorts
youtube,qapUwpd0PhU,UCP-OWlA7HzNATfYMsf5gHIw,Linda Nurmala,Beli ➡️ klik link RACUN SHOPEE di Bio pilih no 117 #shorts #botolminum #botolminumviral,"Samaan yuk 
✅ Rekomendasi RACUN SHOPEE ⬇️
https://collshp.com/lindanurmala16
✅ Botol minum aesthetic murah ⬇️
https://s.shopee.co.id/6VHRfXa8Bn

#shorts #vodeoshorts #rekomendasi #botolminum #botolminumviral #botolminumplastik #fyp #linda #lindanurmala",2026-09-27 01:00:08+00:00,20,1368,4,0,0,"['shorts', 'video shorts', 'rekomendasi', 'botol minum', 'botol minum viral', 'botol minum aesthetic', 'fyp', 'linda', 'linda nurmala']",2026-09-28 14:52:34.992646+00:00,YOUTUBE_API_VIRAL_SEARCH,"Beli ➡️ klik link RACUN SHOPEE di Bio pilih no 117 #shorts #botolminum #botolminumviral Samaan yuk 
✅ Rekomendasi RACUN SHOPEE ⬇️
https://collshp.com/lindanurmala16
✅ Botol minum aesthetic murah ⬇️
https://s.shopee.co.id/6VHRfXa8Bn

#shorts #vodeoshorts #rekomendasi #botolminum #botolminumviral #botolminumplastik #fyp #linda #lindanurmala","shorts, botolminum, botolminumviral, shorts, vodeoshorts, rekomendasi, botolminum, botolminumviral, botolminumplastik, fyp, linda, lindanurmala",beli klik link racun shopee di bio pilih no 117 shorts botolminum botolminumviral samaan yuk rekomendasi racun shopee botol minum aesthetic murah shorts vodeoshorts rekomendasi botolminum botolminumviral botolminumplastik fyp linda lindanurmala,"beli, klik, link, racun, shopee, di, bio, pilih, no, shorts, botolminum, botolminumviral, samaan, yuk, rekomendasi, racun, shopee, botol, minum, aesthetic, murah, shorts, vodeoshorts, rekomendasi, botolminum, botolminumviral, botolminumplastik, fyp, linda, lindanurmala",30,"beli, klik, link, racun, shopee, bio, pilih, shorts, botolminum, botolminumviral, samaan, rekomendasi, racun, shopee, botol, minum, aesthetic, murah, shorts, vodeoshorts, rekomendasi, botolminum, botolminumviral, botolminumplastik, fyp, linda, lindanurmala",27,beli klik link racun shopee bio pilih shorts botolminum botolminumviral samaan rekomendasi racun shopee botol minum aesthetic murah shorts vodeoshorts rekomendasi botolminum botolminumviral botolminumplastik fyp linda lindanurmala
youtube,rzxoP0ukNUE,UCPZAgB1PnDO6jQ2295Mz9sQ,Ahmad Ali,Biar kelihatan mewah! #lampu #lampugantung #shorts #youtubeshoping #racunshopee #fyp #viral,,2026-09-26 23:13:33+00:00,24,1054,6,0,0,"['shorts', 'viral', 'racun shopee viral #shorts']",2026-09-28 14:52:34.992646+00:00,YOUTUBE_API_VIRAL_SEARCH,Biar kelihatan mewah! #lampu #lampugantung #shorts #youtubeshoping #racunshopee #fyp #viral,"lampu, lampugantung, shorts, youtubeshoping, racunshopee, fyp, viral",biar kelihatan mewah lampu lampugantung shorts youtubeshoping racunshopee fyp viral,"biar, kelihatan, mewah, lampu, lampugantung, shorts, youtubeshoping, racunshopee, fyp, viral",10,"biar, mewah, lampu, lampugantung, shorts, youtubeshoping, racunshopee, fyp, viral",9,biar mewah lampu lampugantung shorts youtubeshoping racunshopee fyp viral
youtube,LyWWct6ZwJI,UCZ4Z6mD5bSJJSzS6zTnFYpw,Shenia Yusuf,#fyp #shorts #racunshopee #outfitideas #viral,,2026-09-27 08:00:02+00:00,18,1303,4,0,0,"['shorts', 'viral', 'racun shopee viral #shorts']",2026-09-28 14:52:34.992646+00:00,YOUTUBE_API_VIRAL_SEARCH,#fyp #shorts #racunshopee #outfitideas #viral,"fyp, shorts, racunshopee, outfitideas, viral",fyp shorts racunshopee outfitideas viral,"fyp, shorts, racunshopee, outfitideas, viral",5,"fyp, shorts, racunshopee, outfitideas, viral",5,fyp shorts racunshopee outfitideas viral
youtube,7QuyG8uftZI,UC1PHqjK7EBCT0YpWrqQNQmw,monnnnnnnn,HASIL SHIMMERNYA CANTIK BANGET❗️WAJIB PUNYA NIH | #racunshopee #makeup #blushon #shorts #fyp #viral,,2026-09-27 02:00:09+00:00,20,1139,4,0,0,"['shorts', 'viral', 'racun shopee viral #shorts']",2026-09-28 14:52:34.992646+00:00,YOUTUBE_API_VIRAL_SEARCH,HASIL SHIMMERNYA CANTIK BANGET❗️WAJIB PUNYA NIH | #racunshopee #makeup #blushon #shorts #fyp #viral,"racunshopee, makeup, blushon, shorts, fyp, viral",hasil shimmernya cantik banget wajib punya nih racunshopee makeup blushon shorts fyp viral,"hasil, shimmernya, cantik, banget, wajib, punya, nih, racunshopee, makeup, blushon, shorts, fyp, viral",13,"hasil, shimmernya, cantik, banget, wajib, racunshopee, makeup, blushon, shorts, fyp, viral",11,hasil shimmernya cantik banget wajib racunshopee makeup blushon shorts fyp viral
youtube,p4IhDQT74wQ,UC3AICyN9c-RhvCP11s1ybYg,Alfatirs Channel,#Shorts #YouTubeShorts #ShortsIndonesia #FYP #Viral #affiliate #racunshopee #shopee #payday#ytshorts,,2026-09-27 14:24:49+00:00,25,1155,7,0,0,"['shorts', 'viral', 'racun shopee viral #shorts']",2026-09-28 14:52:34.992646+00:00,YOUTUBE_API_VIRAL_SEARCH,#Shorts #YouTubeShorts #ShortsIndonesia #FYP #Viral #affiliate #racunshopee #shopee #payday#ytshorts,"shorts, youtubeshorts, shortsindonesia, fyp, viral, affiliate, racunshopee, shopee, payday, ytshorts",shorts youtubeshorts shortsindonesia fyp viral affiliate racunshopee shopee payday ytshorts,"shorts, youtubeshorts, shortsindonesia, fyp, viral, affiliate, racunshopee, shopee, payday, ytshorts",10,"shorts, youtubeshorts, shortsindonesia, fyp, viral, affiliate, racunshopee, shopee, payday, ytshorts",10,shorts youtubeshorts shortsindonesia fyp viral affiliate racunshopee shopee payday ytshorts
youtube,tJbOjJ6smBw,UCZ4Z6mD5bSJJSzS6zTnFYpw,Shenia Yusuf,#fyp #shorts #racunshopee #outfitideas #viral,,2026-09-28 04:00:28+00:00,9,1371,9,0,0,"['shorts', 'viral', 'racun shopee viral #shorts']",2026-09-28 14:52:34.992646+00:00,YOUTUBE_API_VIRAL_SEARCH,#fyp #shorts #racunshopee #outfitideas #viral,"fyp, shorts, racunshopee, outfitideas, viral",fyp shorts racunshopee outfitideas viral,"fyp, shorts, racunshopee, outfitideas, viral",5,"fyp, shorts, racunshopee, outfitideas, viral",5,fyp shorts racunshopee outfitideas viral
youtube,84sEpcqBe0A,UCZ4Z6mD5bSJJSzS6zTnFYpw,Shenia Yusuf,#fyp #shorts #racunshopee #outfitideas #viral,,2026-09-28 08:00:38+00:00,10,1052,6,0,0,"['shorts', 'viral', 'racun shopee viral #shorts']",2026-09-28 14:52:34.992646+00:00,YOUTUBE_API_VIRAL_SEARCH,#fyp #shorts #racunshopee #outfitideas #viral,"fyp, shorts, racunshopee, outfitideas, viral",fyp shorts racunshopee outfitideas viral,"fyp, shorts, racunshopee, outfitideas, viral",5,"fyp, shorts, racunshopee, outfitideas, viral",5,fyp shorts racunshopee outfitideas viral
youtube,A43o2H9yw-A,UCEQXfbmj9wsEvy4dn-ZfMZw,WongDesa_WDP,apa ini 🔥 #racunshopee #shopee #unboxing #viral #trending #ytshorts #shorts #content #like #foryou,,2026-09-27 10:33:19+00:00,17,1001,2,0,0,"['shorts', 'viral', 'racun shopee viral #shorts']",2026-09-28 14:52:34.992646+00:00,YOUTUBE_API_VIRAL_SEARCH,apa ini 🔥 #racunshopee #shopee #unboxing #viral #trending #ytshorts #shorts #content #like #foryou,"racunshopee, shopee, unboxing, viral, trending, ytshorts, shorts, content, like, foryou",apa ini racunshopee shopee unboxing viral trending ytshorts shorts content like foryou,"apa, ini, racunshopee, shopee, unboxing, viral, trending, ytshorts, shorts, content, like, foryou",12,"racunshopee, shopee, unboxing, viral, trending, ytshorts, shorts, content, like, foryou",10,racunshopee shopee unboxing viral trending ytshorts shorts content like foryou
youtube,_B2gkV5EB-k,UC3AICyN9c-RhvCP11s1ybYg,Alfatirs Channel,#Shorts #YouTubeShorts #ShortsIndonesia #FYP #Viral #affiliate #racunshopee #shopee #payday#ytshorts,,2026-09-26 19:23:27+00:00,22,575,2,0,0,"['shorts', 'viral', 'racun shopee viral #shorts']",2026-09-28 14:52:34.992646+00:00,YOUTUBE_API_VIRAL_SEARCH,#Shorts #YouTubeShorts #ShortsIndonesia #FYP #Viral #affiliate #racunshopee #shopee #payday#ytshorts,"shorts, youtubeshorts, shortsindonesia, fyp, viral, affiliate, racunshopee, shopee, payday, ytshorts",shorts youtubeshorts shortsindonesia fyp viral affiliate racunshopee shopee payday ytshorts,"shorts, youtubeshorts, shortsindonesia, fyp, viral, affiliate, racunshopee, shopee, payday, ytshorts",10,"shorts, youtubeshorts, shortsindonesia, fyp, viral, affiliate, racunshopee, shopee, payday, ytshorts",10,shorts youtubeshorts shortsindonesia fyp viral affiliate racunshopee shopee payday ytshorts
youtube,gGvfp4ra-10,UCFYkLXpyRE0oof1R8cxJjWg,anacanshop,DISAI Celana Pria Celana Panjang#racunshopee#gratisongkir #shorts #viral,"DISAI Celana Pria Celana Panjang
#shorts 
https://s.shopee.co.id/8AWPjyjCG4",2026-09-27 07:46:53+00:00,11,416,1,0,0,"['shorts', 'viral', 'racun shopee viral #shorts']",2026-09-28 14:52:34.992646+00:00,YOUTUBE_API_VIRAL_SEARCH,"DISAI Celana Pria Celana Panjang#racunshopee#gratisongkir #shorts #viral DISAI Celana Pria Celana Panjang
#shorts 
https://s.shopee.co.id/8AWPjyjCG4","racunshopee, gratisongkir, shorts, viral, shorts",disai celana pria celana panjang racunshopee gratisongkir shorts viral disai celana pria celana panjang shorts,"disai, celana, pria, celana, panjang, racunshopee, gratisongkir, shorts, viral, disai, celana, pria, celana, panjang, shorts",15,"disai, celana, pria, celana, racunshopee, gratisongkir, shorts, viral, disai, celana, pria, celana, shorts",13,disai celana pria celana racunshopee gratisongkir shorts viral disai celana pria celana shorts
youtube,5tdfkxiDQZY,UCFYkLXpyRE0oof1R8cxJjWg,anacanshop,EPC Gamis Keira - Embroidery Collection#racunshopee #shopeefashionhaul #viral #shorts #gratisongkir,"EPC Gamis Keira - Embroidery Collection.
#shorts 
https://s.shopee.co.id/3g40eQ3FTz",2026-09-27 11:50:06+00:00,13,384,1,0,0,"['shorts', 'viral', 'racun shopee viral #shorts']",2026-09-28 14:52:34.992646+00:00,YOUTUBE_API_VIRAL_SEARCH,"EPC Gamis Keira - Embroidery Collection#racunshopee #shopeefashionhaul #viral #shorts #gratisongkir EPC Gamis Keira - Embroidery Collection.
#shorts 
https://s.shopee.co.id/3g40eQ3FTz","racunshopee, shopeefashionhaul, viral, shorts, gratisongkir, shorts",epc gamis keira embroidery collection racunshopee shopeefashionhaul viral shorts gratisongkir epc gamis keira embroidery collection shorts,"epc, gamis, keira, embroidery, collection, racunshopee, shopeefashionhaul, viral, shorts, gratisongkir, epc, gamis, keira, embroidery, collection, shorts",16,"epc, gamis, keira, embroidery, collection, racunshopee, shopeefashionhaul, viral, shorts, gratisongkir, epc, gamis, keira, embroidery, collection, shorts",16,epc gamis keira embroidery collection racunshopee shopeefashionhaul viral shorts gratisongkir epc gamis keira embroidery collection shorts
youtube,lnaHPa7LI8k,UC3AICyN9c-RhvCP11s1ybYg,Alfatirs Channel,#Shorts #YouTubeShorts #ShortsIndonesia #FYP #Viral #affiliate #racunshopee #shopee #payday#ytshorts,,2026-09-27 14:24:00+00:00,26,257,0,0,0,"['shorts', 'viral', 'racun shopee viral #shorts']",2026-09-28 14:52:34.992646+00:00,YOUTUBE_API_VIRAL_SEARCH,#Shorts #YouTubeShorts #ShortsIndonesia #FYP #Viral #affiliate #racunshopee #shopee #payday#ytshorts,"shorts, youtubeshorts, shortsindonesia, fyp, viral, affiliate, racunshopee, shopee, payday, ytshorts",shorts youtubeshorts shortsindonesia fyp viral affiliate racunshopee shopee payday ytshorts,"shorts, youtubeshorts, shortsindonesia, fyp, viral, affiliate, racunshopee, shopee, payday, ytshorts",10,"shorts, youtubeshorts, shortsindonesia, fyp, viral, affiliate, racunshopee, shopee, payday, ytshorts",10,shorts youtubeshorts shortsindonesia fyp viral affiliate racunshopee shopee payday ytshorts
youtube,BmyXW2s4DlQ,UC3AICyN9c-RhvCP11s1ybYg,Alfatirs Channel,#Shorts #YouTubeShorts #ShortsIndonesia #FYP #Viral #affiliate #racunshopee #payday #ytshorts,,2026-09-27 14:27:36+00:00,30,226,3,0,0,"['shorts', 'viral', 'racun shopee viral #shorts']",2026-09-28 14:52:34.992646+00:00,YOUTUBE_API_VIRAL_SEARCH,#Shorts #YouTubeShorts #ShortsIndonesia #FYP #Viral #affiliate #racunshopee #payday #ytshorts,"shorts, youtubeshorts, shortsindonesia, fyp, viral, affiliate, racunshopee, payday, ytshorts",shorts youtubeshorts shortsindonesia fyp viral affiliate racunshopee payday ytshorts,"shorts, youtubeshorts, shortsindonesia, fyp, viral, affiliate, racunshopee, payday, ytshorts",9,"shorts, youtubeshorts, shortsindonesia, fyp, viral, affiliate, racunshopee, payday, ytshorts",9,shorts youtubeshorts shortsindonesia fyp viral affiliate racunshopee payday ytshorts
youtube,7np_EbCMB3o,UCk5zpQBQ7BS7ggexjq-b2nQ,spalspil_with.r,#Shorts #YouTubeShorts #FYP #Trending #Viral #ShortsFeed #OOTD #RacunShopee #ShortsVideo #Shorts,"Like👍 subbscribe 🔔 follow ✅️ 🔎spalspil_with.r 🔍 on shopee 🧡, Instagram 📸, Facebook 💙, tiktok 🖤, thread 🧵, dan youtube 🔴 untuk promo & info lainnya 😍😋💕✨🌈🌷🐾🎀

https://id.shp.ee/30a1uoxg?fromSource=copy_link&smtt=0.0.9


#Shorts #YouTubeShorts #FYP #Trending #Viral #ShortsFeed #OOTD #RacunShopee #Short",2026-09-27 22:22:48+00:00,15,452,2,0,0,"['shorts', 'viral', 'racun shopee viral #shorts']",2026-09-28 14:52:34.992646+00:00,YOUTUBE_API_VIRAL_SEARCH,"#Shorts #YouTubeShorts #FYP #Trending #Viral #ShortsFeed #OOTD #RacunShopee #ShortsVideo #Shorts Like👍 subbscribe 🔔 follow ✅️ 🔎spalspil_with.r 🔍 on shopee 🧡, Instagram 📸, Facebook 💙, tiktok 🖤, thread 🧵, dan youtube 🔴 untuk promo & info lainnya 😍😋💕✨🌈🌷🐾🎀

https://id.shp.ee/30a1uoxg?fromSource=copy_link&smtt=0.0.9


#Shorts #YouTubeShorts #FYP #Trending #Viral #ShortsFeed #OOTD #RacunShopee #Short","shorts, youtubeshorts, fyp, trending, viral, shortsfeed, ootd, racunshopee, shortsvideo, shorts, shorts, youtubeshorts, fyp, trending, viral, shortsfeed, ootd, racunshopee, short",shorts youtubeshorts fyp trending viral shortsfeed ootd racunshopee shortsvideo shorts like subbscribe follow spalspil with r on shopee instagram facebook tiktok thread dan youtube untuk promo info lainnya shorts youtubeshorts fyp trending viral shortsfeed ootd racunshopee short,"shorts, youtubeshorts, fyp, trending, viral, shortsfeed, ootd, racunshopee, shortsvideo, shorts, like, subbscribe, follow, spalspil, with, on, shopee, instagram, facebook, tiktok, thread, dan, youtube, untuk, promo, info, lainnya, shorts, youtubeshorts, fyp, trending, viral, shortsfeed, ootd, racunshopee, short",36,"shorts, youtubeshorts, fyp, trending, viral, shortsfeed, ootd, racunshopee, shortsvideo, shorts, like, subbscribe, follow, spalspil, shopee, instagram, facebook, tiktok, thread, youtube, untuk, promo, info, shorts, youtubeshorts, fyp, trending, viral, shortsfeed, ootd, racunshopee, short",32,shorts youtubeshorts fyp trending viral shortsfeed ootd racunshopee shortsvideo shorts like subbscribe follow spalspil shopee instagram facebook tiktok thread youtube untuk promo info shorts youtubeshorts fyp trending viral shortsfeed ootd racunshopee short
youtube,6AtjD1JpLlQ,UCZ4Z6mD5bSJJSzS6zTnFYpw,Shenia Yusuf,#fyp #shorts #racunshopee #outfitideas #viral,,2026-09-27 12:00:34+00:00,10,25,0,0,0,"['shorts', 'viral', 'racun shopee viral #shorts']",2026-09-28 14:52:34.992646+00:00,YOUTUBE_API_VIRAL_SEARCH,#fyp #shorts #racunshopee #outfitideas #viral,"fyp, shorts, racunshopee, outfitideas, viral",fyp shorts racunshopee outfitideas viral,"fyp, shorts, racunshopee, outfitideas, viral",5,"fyp, shorts, racunshopee, outfitideas, viral",5,fyp shorts racunshopee outfitideas viral
youtube,sBINegXrgoU,UCgH5uGTIEzIrUW31EuvHUEg,karin@alesha,#trending #trendingshorts #fyp #fypシ #viral #viralvideo #racunshopee #shorts,,2026-09-27 08:58:08+00:00,12,66,1,0,0,"['shorts', 'viral', 'racun shopee viral #shorts']",2026-09-28 14:52:34.992646+00:00,YOUTUBE_API_VIRAL_SEARCH,#trending #trendingshorts #fyp #fypシ #viral #viralvideo #racunshopee #shorts,"trending, trendingshorts, fyp, fypシ, viral, viralvideo, racunshopee, shorts",trending trendingshorts fyp fypシ viral viralvideo racunshopee shorts,"trending, trendingshorts, fyp, viral, viralvideo, racunshopee, shorts",7,"trending, trendingshorts, fyp, viral, viralvideo, racunshopee, shorts",7,trending trendingshorts fyp viral viralvideo racunshopee shorts
youtube,_TUl3punZGc,UC3AICyN9c-RhvCP11s1ybYg,Alfatirs Channel,#Shorts #YouTubeShorts #ShortsIndonesia #FYP #Viral #affiliate #racunshopee #shopee #payday#ytshorts,,2026-09-26 19:24:18+00:00,35,6,0,0,0,"['shorts', 'viral', 'racun shopee viral #shorts']",2026-09-28 14:52:34.992646+00:00,YOUTUBE_API_VIRAL_SEARCH,#Shorts #YouTubeShorts #ShortsIndonesia #FYP #Viral #affiliate #racunshopee #shopee #payday#ytshorts,"shorts, youtubeshorts, shortsindonesia, fyp, viral, affiliate, racunshopee, shopee, payday, ytshorts",shorts youtubeshorts shortsindonesia fyp viral affiliate racunshopee shopee payday ytshorts,"shorts, youtubeshorts, shortsindonesia, fyp, viral, affiliate, racunshopee, shopee, payday, ytshorts",10,"shorts, youtubeshorts, shortsindonesia, fyp, viral, affiliate, racunshopee, shopee, payday, ytshorts",10,shorts youtubeshorts shortsindonesia fyp viral affiliate racunshopee shopee payday ytshorts
youtube,xnndQqf99eI,UCZ4Z6mD5bSJJSzS6zTnFYpw,Shenia Yusuf,#fyp #shorts #racunshopee #outfitideas #viral,,2026-09-27 04:00:13+00:00,13,3,1,0,0,"['shorts', 'viral', 'racun shopee viral #shorts']",2026-09-28 14:52:34.992646+00:00,YOUTUBE_API_VIRAL_SEARCH,#fyp #shorts #racunshopee #outfitideas #viral,"fyp, shorts, racunshopee, outfitideas, viral",fyp shorts racunshopee outfitideas viral,"fyp, shorts, racunshopee, outfitideas, viral",5,"fyp, shorts, racunshopee, outfitideas, viral",5,fyp shorts racunshopee outfitideas viral
youtube,H9Es8L6XBU0,UCZ4Z6mD5bSJJSzS6zTnFYpw,Shenia Yusuf,#fyp #shorts #racunshopee #outfitideas #viral,,2026-09-28 12:00:00+00:00,13,0,0,0,0,"['shorts', 'viral', 'racun shopee viral #shorts']",2026-09-28 14:52:34.992646+00:00,YOUTUBE_API_VIRAL_SEARCH,#fyp #shorts #racunshopee #outfitideas #viral,"fyp, shorts, racunshopee, outfitideas, viral",fyp shorts racunshopee outfitideas viral,"fyp, shorts, racunshopee, outfitideas, viral",5,"fyp, shorts, racunshopee, outfitideas, viral",5,fyp shorts racunshopee outfitideas viral
youtube,wXhi55akdOw,UCFYkLXpyRE0oof1R8cxJjWg,anacanshop,Setelan Wanita Santai#racunshopee #viral #shorts #fypyoutube #gratisongkir,"Setelan Wanita Santai
#shorts 
https://s.shopee.co.id/7VGky8ySnU",2026-09-28 14:12:45+00:00,18,0,1,0,0,"['shorts', 'viral', 'racun shopee viral #shorts']",2026-09-28 14:52:34.992646+00:00,YOUTUBE_API_VIRAL_SEARCH,"Setelan Wanita Santai#racunshopee #viral #shorts #fypyoutube #gratisongkir Setelan Wanita Santai
#shorts 
https://s.shopee.co.id/7VGky8ySnU","racunshopee, viral, shorts, fypyoutube, gratisongkir, shorts",setelan wanita santai racunshopee viral shorts fypyoutube gratisongkir setelan wanita santai shorts,"setelan, wanita, santai, racunshopee, viral, shorts, fypyoutube, gratisongkir, setelan, wanita, santai, shorts",12,"setelan, wanita, santai, racunshopee, viral, shorts, fypyoutube, gratisongkir, setelan, wanita, santai, shorts",12,setelan wanita santai racunshopee viral shorts fypyoutube gratisongkir setelan wanita santai shorts
youtube,SND3tXNeVVE,UC3aLexWs0PwYCilk0rtd08Q,Simplegirly,LINK PRODUK ADA DI DESKRIPSI👇🏻 #shortvideo  #shorts #fypシ゚viral #fypシ #tiktokviral #racunshopee,"[ Link produk ] • https://s.shopee.co.id/6AlNJFSTi3

*link nya di tekan ya - klik buka atau salin url - nanti otomatis ke halaman produknya🤗

#racunshopee #spillracunshopee #shopeehaul #beauty #beautytips #bodycare #shortvideo #shorts #fypシ゚viral #skincare #skincareroutine #skincaretips #highlighter",2026-09-28 13:06:25+00:00,22,258,2,0,0,"['shorts', 'viral', 'racun shopee viral #shorts']",2026-09-28 14:52:34.992646+00:00,YOUTUBE_API_VIRAL_SEARCH,"LINK PRODUK ADA DI DESKRIPSI👇🏻 #shortvideo  #shorts #fypシ゚viral #fypシ #tiktokviral #racunshopee [ Link produk ] • https://s.shopee.co.id/6AlNJFSTi3

*link nya di tekan ya - klik buka atau salin url - nanti otomatis ke halaman produknya🤗

#racunshopee #spillracunshopee #shopeehaul #beauty #beautytips #bodycare #shortvideo #shorts #fypシ゚viral #skincare #skincareroutine #skincaretips #highlighter","shortvideo, shorts, fypシ, fypシ, tiktokviral, racunshopee, racunshopee, spillracunshopee, shopeehaul, beauty, beautytips, bodycare, shortvideo, shorts, fypシ, skincare, skincareroutine, skincaretips, highlighter",link produk ada di deskripsi shortvideo shorts fypシ viral fypシ tiktokviral racunshopee link produk link nya di tekan ya klik buka atau salin url nanti otomatis ke halaman produknya racunshopee spillracunshopee shopeehaul beauty beautytips bodycare shortvideo shorts fypシ viral skincare skincareroutine skincaretips highlighter,"link, produk, ada, di, deskripsi, shortvideo, shorts, viral, tiktokviral, racunshopee, link, produk, link, nya, di, tekan, ya, klik, buka, atau, salin, url, nanti, otomatis, ke, halaman, produknya, racunshopee, spillracunshopee, shopeehaul, beauty, beautytips, bodycare, shortvideo, shorts, viral, skincare, skincareroutine, skincaretips, highlighter",40,"link, produk, deskripsi, shortvideo, shorts, viral, tiktokviral, racunshopee, link, produk, link, nya, tekan, klik, buka, salin, url, otomatis, halaman, produknya, racunshopee, spillracunshopee, shopeehaul, beauty, beautytips, bodycare, shortvideo, shorts, viral, skincare, skincareroutine, skincaretips, highlighter",33,link produk deskripsi shortvideo shorts viral tiktokviral racunshopee link produk link nya tekan klik buka salin url otomatis halaman produknya racunshopee spillracunshopee shopeehaul beauty beautytips bodycare shortvideo shorts viral skincare skincareroutine skincaretips highlighter
youtube,vHxdcHYUiG4,UC3aLexWs0PwYCilk0rtd08Q,Simplegirly,LINK PRODUK ADA DI DESKRIPSI👇🏻 #shortvideo  #shorts #fypシ゚viral #fypシ #tiktokviral #racunshopee,"[ Link produk ] • https://s.shopee.co.id/4LJj40Yzae

*link nya di tekan ya - klik buka atau salin url - nanti otomatis ke halaman produknya🤗

#racunshopee #spillracunshopee #shopeehaul #beauty #beautytips #bodycare #shortvideo #shorts #fypシ゚viral #skincare #skincareroutine #skincaretips #highlighter",2026-09-28 12:10:37+00:00,30,5,0,0,0,"['shorts', 'viral', 'racun shopee viral #shorts']",2026-09-28 14:52:34.992646+00:00,YOUTUBE_API_VIRAL_SEARCH,"LINK PRODUK ADA DI DESKRIPSI👇🏻 #shortvideo  #shorts #fypシ゚viral #fypシ #tiktokviral #racunshopee [ Link produk ] • https://s.shopee.co.id/4LJj40Yzae

*link nya di tekan ya - klik buka atau salin url - nanti otomatis ke halaman produknya🤗

#racunshopee #spillracunshopee #shopeehaul #beauty #beautytips #bodycare #shortvideo #shorts #fypシ゚viral #skincare #skincareroutine #skincaretips #highlighter","shortvideo, shorts, fypシ, fypシ, tiktokviral, racunshopee, racunshopee, spillracunshopee, shopeehaul, beauty, beautytips, bodycare, shortvideo, shorts, fypシ, skincare, skincareroutine, skincaretips, highlighter",link produk ada di deskripsi shortvideo shorts fypシ viral fypシ tiktokviral racunshopee link produk link nya di tekan ya klik buka atau salin url nanti otomatis ke halaman produknya racunshopee spillracunshopee shopeehaul beauty beautytips bodycare shortvideo shorts fypシ viral skincare skincareroutine skincaretips highlighter,"link, produk, ada, di, deskripsi, shortvideo, shorts, viral, tiktokviral, racunshopee, link, produk, link, nya, di, tekan, ya, klik, buka, atau, salin, url, nanti, otomatis, ke, halaman, produknya, racunshopee, spillracunshopee, shopeehaul, beauty, beautytips, bodycare, shortvideo, shorts, viral, skincare, skincareroutine, skincaretips, highlighter",40,"link, produk, deskripsi, shortvideo, shorts, viral, tiktokviral, racunshopee, link, produk, link, nya, tekan, klik, buka, salin, url, otomatis, halaman, produknya, racunshopee, spillracunshopee, shopeehaul, beauty, beautytips, bodycare, shortvideo, shorts, viral, skincare, skincareroutine, skincaretips, highlighter",33,link produk deskripsi shortvideo shorts viral tiktokviral racunshopee link produk link nya tekan klik buka salin url otomatis halaman produknya racunshopee spillracunshopee shopeehaul beauty beautytips bodycare shortvideo shorts viral skincare skincareroutine skincaretips highlighter
youtube,asgeZwQWnj4,UCEwFYeYzGhrq7s-JwDkTeIQ,Sarah Ara_22,gelang bangle yang lagi viral #gelangtitanium #gelangbangle #shorts #racunshopee,https://s.shopee.co.id/5q8TcxE3tX,2026-09-28 14:12:30+00:00,18,268,5,0,0,"['shorts', 'viral', 'racun shopee viral #shorts']",2026-09-28 14:52:34.992646+00:00,YOUTUBE_API_VIRAL_SEARCH,gelang bangle yang lagi viral #gelangtitanium #gelangbangle #shorts #racunshopee https://s.shopee.co.id/5q8TcxE3tX,"gelangtitanium, gelangbangle, shorts, racunshopee",gelang bangle yang lagi viral gelangtitanium gelangbangle shorts racunshopee,"gelang, bangle, yang, lagi, viral, gelangtitanium, gelangbangle, shorts, racunshopee",9,"gelang, bangle, viral, gelangtitanium, gelangbangle, shorts, racunshopee",7,gelang bangle viral gelangtitanium gelangbangle shorts racunshopee
youtube,hRlLTE8iQTs,UC6kMOEUYW7cf7gosyEgz0yw,jasdghsaj,Nobody is perfect #reels #trend #viralshort #shorts,"#shorts #tiktok #fyp

Tags :
repost tiktok, repost video, repost viral, tiktok viral, tiktok indonesia, video tiktok, video viral, video trending, konten viral, konten trending, cewek cantik, wanita cantik, cewek berisi, wanita berisi, cewek curvy, wanita curvy, body curvy, body goals, curvy girl, c",2026-09-26 20:54:30+00:00,18,1414,21,0,0,"['shorts', 'viral', 'ide konten viral indonesia #shorts']",2026-09-28 14:52:34.992646+00:00,YOUTUBE_API_VIRAL_SEARCH,"Nobody is perfect #reels #trend #viralshort #shorts #shorts #tiktok #fyp

Tags :
repost tiktok, repost video, repost viral, tiktok viral, tiktok indonesia, video tiktok, video viral, video trending, konten viral, konten trending, cewek cantik, wanita cantik, cewek berisi, wanita berisi, cewek curvy, wanita curvy, body curvy, body goals, curvy girl, c","reels, trend, viralshort, shorts, shorts, tiktok, fyp",nobody is perfect reels trend viralshort shorts shorts tiktok fyp tags repost tiktok repost video repost viral tiktok viral tiktok indonesia video tiktok video viral video trending konten viral konten trending cewek cantik wanita cantik cewek berisi wanita berisi cewek curvy wanita curvy body curvy body goals curvy girl c,"nobody, is, perfect, reels, trend, viralshort, shorts, shorts, tiktok, fyp, tags, repost, tiktok, repost, video, repost, viral, tiktok, viral, tiktok, indonesia, video, tiktok, video, viral, video, trending, konten, viral, konten, trending, cewek, cantik, wanita, cantik, cewek, berisi, wanita, berisi, cewek, curvy, wanita, curvy, body, curvy, body, goals, curvy, girl",49,"nobody, perfect, reels, trend, viralshort, shorts, shorts, tiktok, fyp, tags, repost, tiktok, repost, video, repost, viral, tiktok, viral, tiktok, indonesia, video, tiktok, video, viral, video, trending, konten, viral, konten, trending, cewek, cantik, wanita, cantik, cewek, berisi, wanita, berisi, cewek, curvy, wanita, curvy, body, curvy, body, goals, curvy, girl",48,nobody perfect reels trend viralshort shorts shorts tiktok fyp tags repost tiktok repost video repost viral tiktok viral tiktok indonesia video tiktok video viral video trending konten viral konten trending cewek cantik wanita cantik cewek berisi wanita berisi cewek curvy wanita curvy body curvy body goals curvy girl
youtube,jw40LcoMw-Q,UClvgk74j3AFJjcnZGn2ubuw,The Bholuchand Talk Show,"Time Management Ka Secret | Priority Set Karo, Productivity Badhao  #Shorts #Productivity #viral","24 ghante sabke paas barabar hote hain, phir bhi kuch log zyada productive kaise rehte hain?

Secret hai — PRIORITY aur TIME MANAGEMENT. ✅

Har subah apne 3 sabse important tasks decide karo.
Har task ke liye fixed time block banao.
Phone notifications band karke ek waqt me sirf ek kaam par focus ka",2026-09-28 00:53:16+00:00,48,45,6,0,0,"['time management', 'time management tips', 'productivity tips', 'productivity', 'priority management', 'how to manage time', 'time management hindi', 'productivity hindi', 'self improvement', 'self improvement hindi', 'focus tips', 'how to stay focused', 'success tips', 'daily productivity', 'time blocking', '2 minute rule', 'priority setting', 'motivation hindi', 'life management', 'work smarter', 'productive habits', 'time management shorts', 'productivity shorts', 'youtube shorts', 'shorts']",2026-09-28 14:52:34.992646+00:00,YOUTUBE_API_VIRAL_SEARCH,"Time Management Ka Secret | Priority Set Karo, Productivity Badhao  #Shorts #Productivity #viral 24 ghante sabke paas barabar hote hain, phir bhi kuch log zyada productive kaise rehte hain?

Secret hai — PRIORITY aur TIME MANAGEMENT. ✅

Har subah apne 3 sabse important tasks decide karo.
Har task ke liye fixed time block banao.
Phone notifications band karke ek waqt me sirf ek kaam par focus ka","shorts, productivity, viral",time management ka secret priority set karo productivity badhao shorts productivity viral 24 ghante sabke paas barabar hote hain phir bhi kuch log zyada productive kaise rehte hain secret hai priority aur time management har subah apne 3 sabse important tasks decide karo har task ke liye fixed time block banao phone notifications band karke ek waqt me sirf ek kaam par focus ka,"time, management, ka, secret, priority, set, karo, productivity, badhao, shorts, productivity, viral, ghante, sabke, paas, barabar, hote, hain, phir, bhi, kuch, log, zyada, productive, kaise, rehte, hain, secret, hai, priority, aur, time, management, har, subah, apne, sabse, important, tasks, decide, karo, har, task, ke, liye, fixed, time, block, banao, phone, notifications, band, karke, ek, waqt, me, sirf, ek, kaam, par, focus, ka",62,"time, management, ka, secret, priority, set, karo, productivity, badhao, shorts, productivity, viral, ghante, sabke, paas, barabar, hote, hain, phir, bhi, kuch, log, zyada, productive, kaise, rehte, hain, secret, hai, priority, aur, time, management, har, subah, apne, sabse, important, tasks, decide, karo, har, task, liye, fixed, time, block, banao, phone, notifications, band, karke, ek, waqt, sirf, ek, kaam, par, focus, ka",60,time management ka secret priority set karo productivity badhao shorts productivity viral ghante sabke paas barabar hote hain phir bhi kuch log zyada productive kaise rehte hain secret hai priority aur time management har subah apne sabse important tasks decide karo har task liye fixed time block banao phone notifications band karke ek waqt sirf ek kaam par focus ka
youtube,8qIbQ2QdK-k,UCs7tYSpI3hh9rxF7by2VMig,SHO Dharma Tech,"Froben Tablet (Flurbiprofen) | Uses, Benefits, Side Effects & Important Precautions","Froben Tablet (Flurbiprofen) | Uses, Benefits, Side Effects & Important Precautions",,48,404120,20206,1212,0,"['shorts', 'viral', 'shortsviralindonesia']",2026-09-20 14:12:09.099510+00:00,YOUTUBE_YTDLP_BROAD_SEARCH,"Froben Tablet (Flurbiprofen) | Uses, Benefits, Side Effects & Important Precautions Froben Tablet (Flurbiprofen) | Uses, Benefits, Side Effects & Important Precautions",,froben tablet flurbiprofen uses benefits side effects important precautions froben tablet flurbiprofen uses benefits side effects important precautions,"froben, tablet, flurbiprofen, uses, benefits, side, effects, important, precautions, froben, tablet, flurbiprofen, uses, benefits, side, effects, important, precautions",18,"froben, tablet, flurbiprofen, uses, benefits, side, effects, important, precautions, froben, tablet, flurbiprofen, uses, benefits, side, effects, important, precautions",18,froben tablet flurbiprofen uses benefits side effects important precautions froben tablet flurbiprofen uses benefits side effects important precautions
youtube,Yx_N-mJE1rI,UCGiX1roschAfnDVuHBN9kUw,Saiyra,Fight,Fight,,19,149797,7489,449,0,"['shorts', 'viral', 'shortsviralindonesia']",2026-09-20 14:11:16.004324+00:00,YOUTUBE_YTDLP_BROAD_SEARCH,Fight Fight,,fight fight,"fight, fight",2,"fight, fight",2,fight fight
youtube,Pqkbh8MjJXQ,UCGiX1roschAfnDVuHBN9kUw,Saiyra,Hi,Hi,,22,250866,12543,752,0,"['shorts', 'viral', 'shortsviralindonesia']",2026-09-20 14:11:16.004324+00:00,YOUTUBE_YTDLP_BROAD_SEARCH,Hi Hi,,hi hi,"hi, hi",2,"hi, hi",2,hi hi
youtube,OxbvT2f2RP0,UCXpU7pVX-Nn4XHKF3rY-5pA,Ujiansusahbet12,Kau mau apa lihat lah ada kopdeeees di awan?!  #shorts #kopdes,Kopdes #KopdesIndonesia #KoperasiDesa #KoperasiDesaMerahPutih #KopdesMerahPutih #DesaIndonesia #Desa #Indonesia ...,,25,57882,2894,173,0,"['shorts', 'viral', 'shortsngakakviralindonesia']",2026-09-20 14:11:16.004324+00:00,YOUTUBE_YTDLP_BROAD_SEARCH,Kau mau apa lihat lah ada kopdeeees di awan?!  #shorts #kopdes Kopdes #KopdesIndonesia #KoperasiDesa #KoperasiDesaMerahPutih #KopdesMerahPutih #DesaIndonesia #Desa #Indonesia ...,"shorts, kopdes, kopdesindonesia, koperasidesa, koperasidesamerahputih, kopdesmerahputih, desaindonesia, desa, indonesia",kau mau apa lihat lah ada kopdeeees di awan shorts kopdes kopdes kopdesindonesia koperasidesa koperasidesamerahputih kopdesmerahputih desaindonesia desa indonesia,"kau, mau, apa, lihat, lah, ada, kopdeeees, di, awan, shorts, kopdes, kopdes, kopdesindonesia, koperasidesa, koperasidesamerahputih, kopdesmerahputih, desaindonesia, desa, indonesia",19,"kau, kopdeeees, awan, shorts, kopdes, kopdes, kopdesindonesia, koperasidesa, koperasidesamerahputih, kopdesmerahputih, desaindonesia, desa, indonesia",13,kau kopdeeees awan shorts kopdes kopdes kopdesindonesia koperasidesa koperasidesamerahputih kopdesmerahputih desaindonesia desa indonesia
youtube,uF0kzox0BME,UCFSNKwwJbmnFjttVnbM0QQQ,LookUp Channel,#shorts Makanan Asli Indonesia Ini Sangat Diakui Dunia lho,"Rendang sebagai makanan asli Indonesia ternyata mendapat tempat di hata para pecinta kuliner dunia, nyata nya selama ...",,42,8930,446,26,0,"['shorts', 'viral', 'shortskulinerviralindonesia']",2026-09-20 14:11:16.004324+00:00,YOUTUBE_YTDLP_BROAD_SEARCH,"#shorts Makanan Asli Indonesia Ini Sangat Diakui Dunia lho Rendang sebagai makanan asli Indonesia ternyata mendapat tempat di hata para pecinta kuliner dunia, nyata nya selama ...",shorts,shorts makanan asli indonesia ini sangat diakui dunia lho rendang sebagai makanan asli indonesia ternyata mendapat tempat di hata para pecinta kuliner dunia nyata nya selama,"shorts, makanan, asli, indonesia, ini, sangat, diakui, dunia, lho, rendang, sebagai, makanan, asli, indonesia, ternyata, mendapat, tempat, di, hata, para, pecinta, kuliner, dunia, nyata, nya, selama",26,"shorts, makanan, asli, indonesia, diakui, dunia, lho, rendang, makanan, asli, indonesia, hata, pecinta, kuliner, dunia, nyata, nya",17,shorts makanan asli indonesia diakui dunia lho rendang makanan asli indonesia hata pecinta kuliner dunia nyata nya
youtube,hWVJucr3Il8,UCeZN2EGJGdAKh_NloU9PXPA,Take OneTV,Iklan Sweet Talk Bakery - Product Commercial Video,Take One TV provide Commercial Product Video Service. Video is the fastest way to deliver a message and let your brand be ...,,16,641866,32093,1925,0,"['shorts', 'viral', 'tipsbisnisviral#shorts']",2026-09-20 14:11:16.004324+00:00,YOUTUBE_YTDLP_BROAD_SEARCH,Iklan Sweet Talk Bakery - Product Commercial Video Take One TV provide Commercial Product Video Service. Video is the fastest way to deliver a message and let your brand be ...,,iklan sweet talk bakery product commercial video take one tv provide commercial product video service video is the fastest way to deliver a message and let your brand be,"iklan, sweet, talk, bakery, product, commercial, video, take, one, tv, provide, commercial, product, video, service, video, is, the, fastest, way, to, deliver, message, and, let, your, brand, be",28,"iklan, sweet, talk, bakery, product, commercial, video, take, one, tv, provide, commercial, product, video, service, video, fastest, way, deliver, message, let, brand",22,iklan sweet talk bakery product commercial video take one tv provide commercial product video service video fastest way deliver message let brand
